Using pre-set license
Built from '2022.3/china_unity/release' branch; Version is '2022.3.57f1c2 (32588f90613b) revision 3299471'; Using compiler version '192829333'; Build Type 'Release'
OS: 'Windows 11  (10.0.22631) 64bit CoreCountrySpecific' Language: 'zh' Physical Memory: 7959 MB
BatchMode: 1, IsHumanControllingUs: 0, StartBugReporterOnCrash: 0, Is64bit: 1, IsPro: 1

COMMAND LINE ARGUMENTS:
E:\Unity\2022.3.57f1c2\Editor\Unity.exe
-adb2
-batchMode
-noUpm
-name
AssetImportWorker0
-projectPath
E:/UNity_moud/Element Card
-logFile
Logs/AssetImportWorker0.log
-srvPort
49368
Successfully changed project path to: E:/UNity_moud/Element Card
E:/UNity_moud/Element Card
[UnityMemory] Configuration Parameters - Can be set up in boot.config
    "memorysetup-bucket-allocator-granularity=16"
    "memorysetup-bucket-allocator-bucket-count=8"
    "memorysetup-bucket-allocator-block-size=33554432"
    "memorysetup-bucket-allocator-block-count=8"
    "memorysetup-main-allocator-block-size=16777216"
    "memorysetup-thread-allocator-block-size=16777216"
    "memorysetup-gfx-main-allocator-block-size=16777216"
    "memorysetup-gfx-thread-allocator-block-size=16777216"
    "memorysetup-cache-allocator-block-size=4194304"
    "memorysetup-typetree-allocator-block-size=2097152"
    "memorysetup-profiler-bucket-allocator-granularity=16"
    "memorysetup-profiler-bucket-allocator-bucket-count=8"
    "memorysetup-profiler-bucket-allocator-block-size=33554432"
    "memorysetup-profiler-bucket-allocator-block-count=8"
    "memorysetup-profiler-allocator-block-size=16777216"
    "memorysetup-profiler-editor-allocator-block-size=1048576"
    "memorysetup-temp-allocator-size-main=16777216"
    "memorysetup-job-temp-allocator-block-size=2097152"
    "memorysetup-job-temp-allocator-block-size-background=1048576"
    "memorysetup-job-temp-allocator-reduction-small-platforms=262144"
    "memorysetup-allocator-temp-initial-block-size-main=262144"
    "memorysetup-allocator-temp-initial-block-size-worker=262144"
    "memorysetup-temp-allocator-size-background-worker=32768"
    "memorysetup-temp-allocator-size-job-worker=262144"
    "memorysetup-temp-allocator-size-preload-manager=33554432"
    "memorysetup-temp-allocator-size-nav-mesh-worker=65536"
    "memorysetup-temp-allocator-size-audio-worker=65536"
    "memorysetup-temp-allocator-size-cloud-worker=32768"
    "memorysetup-temp-allocator-size-gi-baking-worker=262144"
    "memorysetup-temp-allocator-size-gfx=262144"
Player connection [55632]  Target information:

Player connection [55632]  * "[IP] 192.168.239.1 [Port] 0 [Flags] 2 [Guid] 625144456 [EditorId] 625144456 [Version] 1048832 [Id] WindowsEditor(7,DESKTOP-AMFPM53) [Debug] 1 [PackageName] WindowsEditor [ProjectName] Editor" 

Player connection [55632]  * "[IP] 192.168.116.1 [Port] 0 [Flags] 2 [Guid] 625144456 [EditorId] 625144456 [Version] 1048832 [Id] WindowsEditor(7,DESKTOP-AMFPM53) [Debug] 1 [PackageName] WindowsEditor [ProjectName] Editor" 

Player connection [55632] Host joined multi-casting on [225.0.0.222:54997]...
Player connection [55632] Host joined alternative multi-casting on [225.0.0.222:34997]...
Input System module state changed to: Initialized.
[PhysX] Initialized MultithreadedTaskDispatcher with 8 workers.
Refreshing native plugins compatible for Editor in 48.15 ms, found 4 plugins.
Preloading 0 native plugins for Editor in 0.00 ms.
Initialize engine version: 2022.3.57f1c2 (32588f90613b)
[Subsystems] Discovering subsystems at path E:/Unity/2022.3.57f1c2/Editor/Data/Resources/UnitySubsystems
[Subsystems] Discovering subsystems at path E:/UNity_moud/Element Card/Assets
GfxDevice: creating device client; threaded=0; jobified=0
Direct3D:
    Version:  Direct3D 11.0 [level 11.1]
    Renderer: NVIDIA GeForce MX230 (ID=0x1d11)
    Vendor:   NVIDIA
    VRAM:     1968 MB
    Driver:   32.0.15.5612
Initialize mono
Mono path[0] = 'E:/Unity/2022.3.57f1c2/Editor/Data/Managed'
Mono path[1] = 'E:/Unity/2022.3.57f1c2/Editor/Data/MonoBleedingEdge/lib/mono/unityjit-win32'
Mono config path = 'E:/Unity/2022.3.57f1c2/Editor/Data/MonoBleedingEdge/etc'
Using monoOptions --debugger-agent=transport=dt_socket,embedding=1,server=y,suspend=n,address=127.0.0.1:56904
Begin MonoManager ReloadAssembly
Registering precompiled unity dll's ...
Register platform support module: E:/Unity/2022.3.57f1c2/Editor/Data/PlaybackEngines/WebGLSupport/UnityEditor.WebGL.Extensions.dll
Register platform support module: E:/Unity/2022.3.57f1c2/Editor/Data/PlaybackEngines/AndroidPlayer/UnityEditor.Android.Extensions.dll
Register platform support module: E:/Unity/2022.3.57f1c2/Editor/Data/PlaybackEngines/WindowsStandaloneSupport/UnityEditor.WindowsStandalone.Extensions.dll
Registered in 0.021440 seconds.
- Loaded All Assemblies, in  1.634 seconds
Native extension for WindowsStandalone target not found
Native extension for Android target not found
Android Extension - Scanning For ADB Devices 1365 ms
Native extension for WebGL target not found
Mono: successfully reloaded assembly
- Finished resetting the current domain, in  2.145 seconds
Domain Reload Profiling: 3779ms
	BeginReloadAssembly (506ms)
		ExecutionOrderSort (0ms)
		DisableScriptedObjects (0ms)
		BackupInstance (0ms)
		ReleaseScriptingObjects (0ms)
		CreateAndSetChildDomain (2ms)
	RebuildCommonClasses (99ms)
	RebuildNativeTypeToScriptingClass (31ms)
	initialDomainReloadingComplete (159ms)
	LoadAllAssembliesAndSetupDomain (839ms)
		LoadAssemblies (509ms)
		RebuildTransferFunctionScriptingTraits (0ms)
		AnalyzeDomain (827ms)
			TypeCache.Refresh (810ms)
				TypeCache.ScanAssembly (735ms)
			ScanForSourceGeneratedMonoScriptInfo (6ms)
			ResolveRequiredComponents (5ms)
	FinalizeReload (2145ms)
		ReleaseScriptCaches (0ms)
		RebuildScriptCaches (0ms)
		SetupLoadedEditorAssemblies (1963ms)
			LogAssemblyErrors (0ms)
			InitializePlatformSupportModulesInManaged (1563ms)
			SetLoadedEditorAssemblies (12ms)
			RefreshPlugins (0ms)
			BeforeProcessingInitializeOnLoad (5ms)
			ProcessInitializeOnLoadAttributes (266ms)
			ProcessInitializeOnLoadMethodAttributes (117ms)
			AfterProcessingInitializeOnLoad (0ms)
			EditorAssembliesLoaded (0ms)
		ExecutionOrderSort2 (0ms)
		AwakeInstancesAfterBackupRestoration (0ms)
========================================================================
Worker process is ready to serve import requests
Caller must complete domain reload
Begin MonoManager ReloadAssembly
- Loaded All Assemblies, in  2.647 seconds
Native extension for WindowsStandalone target not found
Native extension for Android target not found
Native extension for WebGL target not found
Mono: successfully reloaded assembly
- Finished resetting the current domain, in  1.995 seconds
Domain Reload Profiling: 4668ms
	BeginReloadAssembly (360ms)
		ExecutionOrderSort (0ms)
		DisableScriptedObjects (8ms)
		BackupInstance (0ms)
		ReleaseScriptingObjects (0ms)
		CreateAndSetChildDomain (47ms)
	RebuildCommonClasses (76ms)
	RebuildNativeTypeToScriptingClass (24ms)
	initialDomainReloadingComplete (81ms)
	LoadAllAssembliesAndSetupDomain (2131ms)
		LoadAssemblies (1155ms)
		RebuildTransferFunctionScriptingTraits (0ms)
		AnalyzeDomain (1202ms)
			TypeCache.Refresh (1026ms)
				TypeCache.ScanAssembly (966ms)
			ScanForSourceGeneratedMonoScriptInfo (92ms)
			ResolveRequiredComponents (79ms)
	FinalizeReload (1996ms)
		ReleaseScriptCaches (0ms)
		RebuildScriptCaches (0ms)
		SetupLoadedEditorAssemblies (1408ms)
			LogAssemblyErrors (0ms)
			InitializePlatformSupportModulesInManaged (49ms)
			SetLoadedEditorAssemblies (15ms)
			RefreshPlugins (0ms)
			BeforeProcessingInitializeOnLoad (197ms)
			ProcessInitializeOnLoadAttributes (990ms)
			ProcessInitializeOnLoadMethodAttributes (153ms)
			AfterProcessingInitializeOnLoad (3ms)
			EditorAssembliesLoaded (0ms)
		ExecutionOrderSort2 (0ms)
		AwakeInstancesAfterBackupRestoration (13ms)
Launched and connected shader compiler UnityShaderCompiler.exe after 0.21 seconds
Refreshing native plugins compatible for Editor in 11.21 ms, found 4 plugins.
Preloading 0 native plugins for Editor in 0.00 ms.
Unloading 5864 Unused Serialized files (Serialized files now loaded: 0)
Unloading 47 unused Assets / (0.9 MB). Loaded Objects now: 6345.
Memory consumption went from 242.7 MB to 241.9 MB.
Total: 12.266000 ms (FindLiveObjects: 2.319900 ms CreateObjectMapping: 0.677500 ms MarkObjects: 7.801700 ms  DeleteObjects: 1.463800 ms)

AssetImportParameters requested are different than current active one (requested -> active):
  custom:container-demuxer-ogg: 62fdf1f143b41e24485cea50d1cbac27 -> 
  custom:video-codec-MediaFoundation-h265: 746d11721c4dcdbdad8f713fa42b33f4 -> 
  custom:video-decoder-ogg-theora: a1e56fd34408186e4bbccfd4996cb3dc -> 
  custom:framework-win-MediaFoundation: 216162199b28c13a410421893ffa2e32 -> 
  custom:CustomObjectIndexerAttribute: 72b91833f83ae208fae7752999fa3104 -> 
  custom:container-demuxer-webm: 4f35f7cbe854078d1ac9338744f61a02 -> 
  custom:container-muxer-webm: aa71ff27fc2769a1b78a27578f13a17b -> 
  custom:video-decoder-webm-vp8: 9c59270c3fd7afecdb556c50c9e8de78 -> 
  custom:SearchIndexIgnoredProperties: e643bd26f0fe6173181afceb89e7c659 -> 
  custom:AudioImporter_EditorPlatform: d09bf68614088b80899f8185d706f6e7 -> 
  custom:video-encoder-webm-vp8: eb34c28f22e8b96e1ab97ce403110664 -> 
  custom:audio-decoder-ogg-vorbis: bf7c407c2cedff20999df2af8eb42d56 -> 
  custom:audio-encoder-webm-vorbis: bf7c407c2cedff20999df2af8eb42d56 -> 
========================================================================
Received Import Request.
  Time since last request: 1713289.072479 seconds.
  path: Assets/资源类/Defense.asset
  artifactKey: Guid(0407fbd277b96374187b7bfe316635a3) Importer(815301076,1909f56bfc062723c751e8b465ee728b)
Start importing Assets/资源类/Defense.asset using Guid(0407fbd277b96374187b7bfe316635a3) Importer(815301076,1909f56bfc062723c751e8b465ee728b) [PhysX] Initialized MultithreadedTaskDispatcher with 8 workers.
 -> (artifact id: 'fbd69f0586bc1c0fa6a0227c0761f012') in 0.070798 seconds
Number of updated asset objects reloaded before import = 0
Number of asset objects unloaded after import = 1
========================================================================
Received Prepare
Caller must complete domain reload
Begin MonoManager ReloadAssembly
- Loaded All Assemblies, in 13.050 seconds
Native extension for WindowsStandalone target not found
Native extension for Android target not found
Native extension for WebGL target not found
Mono: successfully reloaded assembly
- Finished resetting the current domain, in  2.571 seconds
Domain Reload Profiling: 15630ms
	BeginReloadAssembly (10336ms)
		ExecutionOrderSort (1ms)
		DisableScriptedObjects (7373ms)
		BackupInstance (0ms)
		ReleaseScriptingObjects (2ms)
		CreateAndSetChildDomain (1701ms)
	RebuildCommonClasses (116ms)
	RebuildNativeTypeToScriptingClass (33ms)
	initialDomainReloadingComplete (119ms)
	LoadAllAssembliesAndSetupDomain (2454ms)
		LoadAssemblies (3116ms)
		RebuildTransferFunctionScriptingTraits (0ms)
		AnalyzeDomain (94ms)
			TypeCache.Refresh (41ms)
				TypeCache.ScanAssembly (0ms)
			ScanForSourceGeneratedMonoScriptInfo (1ms)
			ResolveRequiredComponents (50ms)
	FinalizeReload (2572ms)
		ReleaseScriptCaches (0ms)
		RebuildScriptCaches (0ms)
		SetupLoadedEditorAssemblies (1870ms)
			LogAssemblyErrors (0ms)
			InitializePlatformSupportModulesInManaged (56ms)
			SetLoadedEditorAssemblies (12ms)
			RefreshPlugins (0ms)
			BeforeProcessingInitializeOnLoad (197ms)
			ProcessInitializeOnLoadAttributes (1387ms)
			ProcessInitializeOnLoadMethodAttributes (210ms)
			AfterProcessingInitializeOnLoad (6ms)
			EditorAssembliesLoaded (1ms)
		ExecutionOrderSort2 (0ms)
		AwakeInstancesAfterBackupRestoration (45ms)
Refreshing native plugins compatible for Editor in 15.53 ms, found 4 plugins.
Preloading 0 native plugins for Editor in 0.00 ms.
Unloading 5712 Unused Serialized files (Serialized files now loaded: 0)
Unloading 35 unused Assets / (0.9 MB). Loaded Objects now: 6353.
Memory consumption went from 217.3 MB to 216.5 MB.
Total: 59.274200 ms (FindLiveObjects: 2.235700 ms CreateObjectMapping: 0.648400 ms MarkObjects: 51.173500 ms  DeleteObjects: 5.213600 ms)

Prepare: number of updated asset objects reloaded= 0
AssetImportParameters requested are different than current active one (requested -> active):
  custom:container-demuxer-ogg: 62fdf1f143b41e24485cea50d1cbac27 -> 
  custom:video-codec-MediaFoundation-h265: 746d11721c4dcdbdad8f713fa42b33f4 -> 
  custom:video-decoder-ogg-theora: a1e56fd34408186e4bbccfd4996cb3dc -> 
  custom:framework-win-MediaFoundation: 216162199b28c13a410421893ffa2e32 -> 
  custom:CustomObjectIndexerAttribute: 72b91833f83ae208fae7752999fa3104 -> 
  custom:container-demuxer-webm: 4f35f7cbe854078d1ac9338744f61a02 -> 
  custom:container-muxer-webm: aa71ff27fc2769a1b78a27578f13a17b -> 
  custom:video-decoder-webm-vp8: 9c59270c3fd7afecdb556c50c9e8de78 -> 
  custom:SearchIndexIgnoredProperties: e643bd26f0fe6173181afceb89e7c659 -> 
  custom:AudioImporter_EditorPlatform: d09bf68614088b80899f8185d706f6e7 -> 
  custom:video-encoder-webm-vp8: eb34c28f22e8b96e1ab97ce403110664 -> 
  custom:audio-decoder-ogg-vorbis: bf7c407c2cedff20999df2af8eb42d56 -> 
  custom:audio-encoder-webm-vorbis: bf7c407c2cedff20999df2af8eb42d56 -> 
========================================================================
Received Prepare
Caller must complete domain reload
Begin MonoManager ReloadAssembly
- Loaded All Assemblies, in  3.830 seconds
Native extension for WindowsStandalone target not found
Native extension for Android target not found
Native extension for WebGL target not found
Mono: successfully reloaded assembly
- Finished resetting the current domain, in  7.414 seconds
Domain Reload Profiling: 11244ms
	BeginReloadAssembly (1689ms)
		ExecutionOrderSort (0ms)
		DisableScriptedObjects (153ms)
		BackupInstance (0ms)
		ReleaseScriptingObjects (2ms)
		CreateAndSetChildDomain (958ms)
	RebuildCommonClasses (74ms)
	RebuildNativeTypeToScriptingClass (32ms)
	initialDomainReloadingComplete (146ms)
	LoadAllAssembliesAndSetupDomain (1886ms)
		LoadAssemblies (2110ms)
		RebuildTransferFunctionScriptingTraits (0ms)
		AnalyzeDomain (181ms)
			TypeCache.Refresh (51ms)
				TypeCache.ScanAssembly (4ms)
			ScanForSourceGeneratedMonoScriptInfo (92ms)
			ResolveRequiredComponents (35ms)
	FinalizeReload (7416ms)
		ReleaseScriptCaches (0ms)
		RebuildScriptCaches (0ms)
		SetupLoadedEditorAssemblies (1113ms)
			LogAssemblyErrors (0ms)
			InitializePlatformSupportModulesInManaged (42ms)
			SetLoadedEditorAssemblies (11ms)
			RefreshPlugins (0ms)
			BeforeProcessingInitializeOnLoad (147ms)
			ProcessInitializeOnLoadAttributes (752ms)
			ProcessInitializeOnLoadMethodAttributes (156ms)
			AfterProcessingInitializeOnLoad (4ms)
			EditorAssembliesLoaded (1ms)
		ExecutionOrderSort2 (0ms)
		AwakeInstancesAfterBackupRestoration (41ms)
Refreshing native plugins compatible for Editor in 27.38 ms, found 4 plugins.
Preloading 0 native plugins for Editor in 0.00 ms.
Unloading 5712 Unused Serialized files (Serialized files now loaded: 0)
Unloading 35 unused Assets / (0.9 MB). Loaded Objects now: 6359.
Memory consumption went from 217.4 MB to 216.6 MB.
Total: 11.115800 ms (FindLiveObjects: 1.601300 ms CreateObjectMapping: 0.439800 ms MarkObjects: 7.832100 ms  DeleteObjects: 1.239700 ms)

Prepare: number of updated asset objects reloaded= 0
AssetImportParameters requested are different than current active one (requested -> active):
  custom:container-demuxer-ogg: 62fdf1f143b41e24485cea50d1cbac27 -> 
  custom:video-codec-MediaFoundation-h265: 746d11721c4dcdbdad8f713fa42b33f4 -> 
  custom:video-decoder-ogg-theora: a1e56fd34408186e4bbccfd4996cb3dc -> 
  custom:framework-win-MediaFoundation: 216162199b28c13a410421893ffa2e32 -> 
  custom:CustomObjectIndexerAttribute: 72b91833f83ae208fae7752999fa3104 -> 
  custom:container-demuxer-webm: 4f35f7cbe854078d1ac9338744f61a02 -> 
  custom:container-muxer-webm: aa71ff27fc2769a1b78a27578f13a17b -> 
  custom:video-decoder-webm-vp8: 9c59270c3fd7afecdb556c50c9e8de78 -> 
  custom:SearchIndexIgnoredProperties: e643bd26f0fe6173181afceb89e7c659 -> 
  custom:AudioImporter_EditorPlatform: d09bf68614088b80899f8185d706f6e7 -> 
  custom:video-encoder-webm-vp8: eb34c28f22e8b96e1ab97ce403110664 -> 
  custom:audio-decoder-ogg-vorbis: bf7c407c2cedff20999df2af8eb42d56 -> 
  custom:audio-encoder-webm-vorbis: bf7c407c2cedff20999df2af8eb42d56 -> 
========================================================================
Received Prepare
Caller must complete domain reload
Begin MonoManager ReloadAssembly
- Loaded All Assemblies, in  1.987 seconds
Native extension for WindowsStandalone target not found
Native extension for Android target not found
Native extension for WebGL target not found
Mono: successfully reloaded assembly
- Finished resetting the current domain, in  5.562 seconds
Domain Reload Profiling: 7574ms
	BeginReloadAssembly (460ms)
		ExecutionOrderSort (0ms)
		DisableScriptedObjects (27ms)
		BackupInstance (0ms)
		ReleaseScriptingObjects (0ms)
		CreateAndSetChildDomain (96ms)
	RebuildCommonClasses (75ms)
	RebuildNativeTypeToScriptingClass (29ms)
	initialDomainReloadingComplete (63ms)
	LoadAllAssembliesAndSetupDomain (1384ms)
		LoadAssemblies (1590ms)
		RebuildTransferFunctionScriptingTraits (0ms)
		AnalyzeDomain (51ms)
			TypeCache.Refresh (18ms)
				TypeCache.ScanAssembly (0ms)
			ScanForSourceGeneratedMonoScriptInfo (3ms)
			ResolveRequiredComponents (29ms)
	FinalizeReload (5563ms)
		ReleaseScriptCaches (0ms)
		RebuildScriptCaches (0ms)
		SetupLoadedEditorAssemblies (1279ms)
			LogAssemblyErrors (0ms)
			InitializePlatformSupportModulesInManaged (80ms)
			SetLoadedEditorAssemblies (14ms)
			RefreshPlugins (0ms)
			BeforeProcessingInitializeOnLoad (219ms)
			ProcessInitializeOnLoadAttributes (761ms)
			ProcessInitializeOnLoadMethodAttributes (199ms)
			AfterProcessingInitializeOnLoad (5ms)
			EditorAssembliesLoaded (1ms)
		ExecutionOrderSort2 (0ms)
		AwakeInstancesAfterBackupRestoration (40ms)
Refreshing native plugins compatible for Editor in 30.43 ms, found 4 plugins.
Preloading 0 native plugins for Editor in 0.00 ms.
Unloading 5712 Unused Serialized files (Serialized files now loaded: 0)
Unloading 35 unused Assets / (0.9 MB). Loaded Objects now: 6365.
Memory consumption went from 217.4 MB to 216.6 MB.
Total: 13.754600 ms (FindLiveObjects: 1.068800 ms CreateObjectMapping: 0.638800 ms MarkObjects: 10.913400 ms  DeleteObjects: 1.127900 ms)

Prepare: number of updated asset objects reloaded= 0
AssetImportParameters requested are different than current active one (requested -> active):
  custom:container-demuxer-ogg: 62fdf1f143b41e24485cea50d1cbac27 -> 
  custom:video-codec-MediaFoundation-h265: 746d11721c4dcdbdad8f713fa42b33f4 -> 
  custom:video-decoder-ogg-theora: a1e56fd34408186e4bbccfd4996cb3dc -> 
  custom:framework-win-MediaFoundation: 216162199b28c13a410421893ffa2e32 -> 
  custom:CustomObjectIndexerAttribute: 72b91833f83ae208fae7752999fa3104 -> 
  custom:container-demuxer-webm: 4f35f7cbe854078d1ac9338744f61a02 -> 
  custom:container-muxer-webm: aa71ff27fc2769a1b78a27578f13a17b -> 
  custom:video-decoder-webm-vp8: 9c59270c3fd7afecdb556c50c9e8de78 -> 
  custom:SearchIndexIgnoredProperties: e643bd26f0fe6173181afceb89e7c659 -> 
  custom:AudioImporter_EditorPlatform: d09bf68614088b80899f8185d706f6e7 -> 
  custom:video-encoder-webm-vp8: eb34c28f22e8b96e1ab97ce403110664 -> 
  custom:audio-decoder-ogg-vorbis: bf7c407c2cedff20999df2af8eb42d56 -> 
  custom:audio-encoder-webm-vorbis: bf7c407c2cedff20999df2af8eb42d56 -> 
========================================================================
Received Import Request.
  Time since last request: 3365.913058 seconds.
  path: Assets/Scripts/CardFunction/Power.cs
  artifactKey: Guid(2e1494f40ba10ac40a0597db42f98b14) Importer(815301076,1909f56bfc062723c751e8b465ee728b)
Start importing Assets/Scripts/CardFunction/Power.cs using Guid(2e1494f40ba10ac40a0597db42f98b14) Importer(815301076,1909f56bfc062723c751e8b465ee728b) [PhysX] Initialized MultithreadedTaskDispatcher with 8 workers.
 -> (artifact id: 'd08ea7305c69568b47897622322979ff') in 4.287902 seconds
Number of updated asset objects reloaded before import = 0
Number of asset objects unloaded after import = 0
========================================================================
Received Prepare
Caller must complete domain reload
Begin MonoManager ReloadAssembly
- Loaded All Assemblies, in 19.035 seconds
Native extension for WindowsStandalone target not found
Native extension for Android target not found
Native extension for WebGL target not found
Mono: successfully reloaded assembly
- Finished resetting the current domain, in 80.089 seconds
Domain Reload Profiling: 99258ms
	BeginReloadAssembly (4645ms)
		ExecutionOrderSort (6ms)
		DisableScriptedObjects (421ms)
		BackupInstance (0ms)
		ReleaseScriptingObjects (14ms)
		CreateAndSetChildDomain (1153ms)
	RebuildCommonClasses (581ms)
	RebuildNativeTypeToScriptingClass (54ms)
	initialDomainReloadingComplete (138ms)
	LoadAllAssembliesAndSetupDomain (13745ms)
		LoadAssemblies (14939ms)
		RebuildTransferFunctionScriptingTraits (0ms)
		AnalyzeDomain (703ms)
			TypeCache.Refresh (232ms)
				TypeCache.ScanAssembly (23ms)
			ScanForSourceGeneratedMonoScriptInfo (331ms)
			ResolveRequiredComponents (139ms)
	FinalizeReload (80094ms)
		ReleaseScriptCaches (0ms)
		RebuildScriptCaches (0ms)
		SetupLoadedEditorAssemblies (3245ms)
			LogAssemblyErrors (0ms)
			InitializePlatformSupportModulesInManaged (119ms)
			SetLoadedEditorAssemblies (40ms)
			RefreshPlugins (0ms)
			BeforeProcessingInitializeOnLoad (401ms)
			ProcessInitializeOnLoadAttributes (2224ms)
			ProcessInitializeOnLoadMethodAttributes (450ms)
			AfterProcessingInitializeOnLoad (8ms)
			EditorAssembliesLoaded (3ms)
		ExecutionOrderSort2 (0ms)
		AwakeInstancesAfterBackupRestoration (77ms)
Refreshing native plugins compatible for Editor in 43.90 ms, found 4 plugins.
Preloading 0 native plugins for Editor in 0.00 ms.
Unloading 5713 Unused Serialized files (Serialized files now loaded: 0)
Unloading 35 unused Assets / (0.9 MB). Loaded Objects now: 6372.
Memory consumption went from 217.5 MB to 216.6 MB.
Total: 41.795300 ms (FindLiveObjects: 1.278000 ms CreateObjectMapping: 1.232000 ms MarkObjects: 37.023200 ms  DeleteObjects: 2.257300 ms)

Prepare: number of updated asset objects reloaded= 0
AssetImportParameters requested are different than current active one (requested -> active):
  custom:container-demuxer-ogg: 62fdf1f143b41e24485cea50d1cbac27 -> 
  custom:video-codec-MediaFoundation-h265: 746d11721c4dcdbdad8f713fa42b33f4 -> 
  custom:video-decoder-ogg-theora: a1e56fd34408186e4bbccfd4996cb3dc -> 
  custom:framework-win-MediaFoundation: 216162199b28c13a410421893ffa2e32 -> 
  custom:CustomObjectIndexerAttribute: 72b91833f83ae208fae7752999fa3104 -> 
  custom:container-demuxer-webm: 4f35f7cbe854078d1ac9338744f61a02 -> 
  custom:scripting/monoscript/fileName/Power.cs: d22eef278e1d3ce547bef81e959c0482 -> 
  custom:container-muxer-webm: aa71ff27fc2769a1b78a27578f13a17b -> 
  custom:video-decoder-webm-vp8: 9c59270c3fd7afecdb556c50c9e8de78 -> 
  custom:SearchIndexIgnoredProperties: e643bd26f0fe6173181afceb89e7c659 -> 
  custom:AudioImporter_EditorPlatform: d09bf68614088b80899f8185d706f6e7 -> 
  custom:video-encoder-webm-vp8: eb34c28f22e8b96e1ab97ce403110664 -> 
  custom:audio-decoder-ogg-vorbis: bf7c407c2cedff20999df2af8eb42d56 -> 
  custom:audio-encoder-webm-vorbis: bf7c407c2cedff20999df2af8eb42d56 -> 
  custom:scripting/precompiled-assembly-types:Assembly-CSharp: b0b3ec2fc9b63aa390cc9bece5fbf81e -> 67c36929a301ab3f795aef59ea829d4c
========================================================================
Received Import Request.
  Time since last request: 237.665840 seconds.
  path: Assets/Scripts/CardFunction/Power.cs
  artifactKey: Guid(2e1494f40ba10ac40a0597db42f98b14) Importer(815301076,1909f56bfc062723c751e8b465ee728b)
Start importing Assets/Scripts/CardFunction/Power.cs using Guid(2e1494f40ba10ac40a0597db42f98b14) Importer(815301076,1909f56bfc062723c751e8b465ee728b) [PhysX] Initialized MultithreadedTaskDispatcher with 8 workers.
 -> (artifact id: '00000000000000000000000000000000') in 0.054912 seconds
Import Error Code:(4)
Message: Build asset version error: assets/scripts/cardfunction/power.cs in SourceAssetDB has modification time of '2026-03-08T03:42:55.4589686Z' while content on disk has modification time of '2026-03-08T03:45:34.3359563Z'
  ERROR: Build asset version error: assets/scripts/cardfunction/power.cs in SourceAssetDB has modification time of '2026-03-08T03:42:55.4589686Z' while content on disk has modification time of '2026-03-08T03:45:34.3359563Z'
Number of updated asset objects reloaded before import = 0
Number of asset objects unloaded after import = 0
========================================================================
Received Import Request.
  Time since last request: 0.058455 seconds.
  path: Assets/Scripts/CardFunction/Power.cs
  artifactKey: Guid(2e1494f40ba10ac40a0597db42f98b14) Importer(815301076,1909f56bfc062723c751e8b465ee728b)
Start importing Assets/Scripts/CardFunction/Power.cs using Guid(2e1494f40ba10ac40a0597db42f98b14) Importer(815301076,1909f56bfc062723c751e8b465ee728b) [PhysX] Initialized MultithreadedTaskDispatcher with 8 workers.
 -> (artifact id: '00000000000000000000000000000000') in 0.001567 seconds
Import Error Code:(4)
Message: Build asset version error: assets/scripts/cardfunction/power.cs in SourceAssetDB has modification time of '2026-03-08T03:42:55.4589686Z' while content on disk has modification time of '2026-03-08T03:45:34.3359563Z'
  ERROR: Build asset version error: assets/scripts/cardfunction/power.cs in SourceAssetDB has modification time of '2026-03-08T03:42:55.4589686Z' while content on disk has modification time of '2026-03-08T03:45:34.3359563Z'
Number of updated asset objects reloaded before import = 0
Number of asset objects unloaded after import = 0
========================================================================
Received Import Request.
  Time since last request: 0.042830 seconds.
  path: Assets/Scripts/CardFunction/Power.cs
  artifactKey: Guid(2e1494f40ba10ac40a0597db42f98b14) Importer(815301076,1909f56bfc062723c751e8b465ee728b)
Start importing Assets/Scripts/CardFunction/Power.cs using Guid(2e1494f40ba10ac40a0597db42f98b14) Importer(815301076,1909f56bfc062723c751e8b465ee728b) [PhysX] Initialized MultithreadedTaskDispatcher with 8 workers.
 -> (artifact id: '00000000000000000000000000000000') in 0.000913 seconds
Import Error Code:(4)
Message: Build asset version error: assets/scripts/cardfunction/power.cs in SourceAssetDB has modification time of '2026-03-08T03:42:55.4589686Z' while content on disk has modification time of '2026-03-08T03:45:34.3359563Z'
  ERROR: Build asset version error: assets/scripts/cardfunction/power.cs in SourceAssetDB has modification time of '2026-03-08T03:42:55.4589686Z' while content on disk has modification time of '2026-03-08T03:45:34.3359563Z'
Number of updated asset objects reloaded before import = 0
Number of asset objects unloaded after import = 0
========================================================================
Received Import Request.
  Time since last request: 0.413430 seconds.
  path: Assets/Scripts/CardFunction/Power.cs
  artifactKey: Guid(2e1494f40ba10ac40a0597db42f98b14) Importer(815301076,1909f56bfc062723c751e8b465ee728b)
Start importing Assets/Scripts/CardFunction/Power.cs using Guid(2e1494f40ba10ac40a0597db42f98b14) Importer(815301076,1909f56bfc062723c751e8b465ee728b) [PhysX] Initialized MultithreadedTaskDispatcher with 8 workers.
 -> (artifact id: '00000000000000000000000000000000') in 0.001089 seconds
Import Error Code:(4)
Message: Build asset version error: assets/scripts/cardfunction/power.cs in SourceAssetDB has modification time of '2026-03-08T03:42:55.4589686Z' while content on disk has modification time of '2026-03-08T03:45:34.3359563Z'
  ERROR: Build asset version error: assets/scripts/cardfunction/power.cs in SourceAssetDB has modification time of '2026-03-08T03:42:55.4589686Z' while content on disk has modification time of '2026-03-08T03:45:34.3359563Z'
Number of updated asset objects reloaded before import = 0
Number of asset objects unloaded after import = 0
========================================================================
Received Import Request.
  Time since last request: 0.059703 seconds.
  path: Assets/Scripts/CardFunction/Power.cs
  artifactKey: Guid(2e1494f40ba10ac40a0597db42f98b14) Importer(815301076,1909f56bfc062723c751e8b465ee728b)
Start importing Assets/Scripts/CardFunction/Power.cs using Guid(2e1494f40ba10ac40a0597db42f98b14) Importer(815301076,1909f56bfc062723c751e8b465ee728b) [PhysX] Initialized MultithreadedTaskDispatcher with 8 workers.
 -> (artifact id: '00000000000000000000000000000000') in 0.001192 seconds
Import Error Code:(4)
Message: Build asset version error: assets/scripts/cardfunction/power.cs in SourceAssetDB has modification time of '2026-03-08T03:42:55.4589686Z' while content on disk has modification time of '2026-03-08T03:45:34.3359563Z'
  ERROR: Build asset version error: assets/scripts/cardfunction/power.cs in SourceAssetDB has modification time of '2026-03-08T03:42:55.4589686Z' while content on disk has modification time of '2026-03-08T03:45:34.3359563Z'
Number of updated asset objects reloaded before import = 0
Number of asset objects unloaded after import = 0
========================================================================
Received Import Request.
  Time since last request: 0.088358 seconds.
  path: Assets/Scripts/CardFunction/Power.cs
  artifactKey: Guid(2e1494f40ba10ac40a0597db42f98b14) Importer(815301076,1909f56bfc062723c751e8b465ee728b)
Start importing Assets/Scripts/CardFunction/Power.cs using Guid(2e1494f40ba10ac40a0597db42f98b14) Importer(815301076,1909f56bfc062723c751e8b465ee728b) [PhysX] Initialized MultithreadedTaskDispatcher with 8 workers.
 -> (artifact id: '00000000000000000000000000000000') in 0.001404 seconds
Import Error Code:(4)
Message: Build asset version error: assets/scripts/cardfunction/power.cs in SourceAssetDB has modification time of '2026-03-08T03:42:55.4589686Z' while content on disk has modification time of '2026-03-08T03:45:34.3359563Z'
  ERROR: Build asset version error: assets/scripts/cardfunction/power.cs in SourceAssetDB has modification time of '2026-03-08T03:42:55.4589686Z' while content on disk has modification time of '2026-03-08T03:45:34.3359563Z'
Number of updated asset objects reloaded before import = 0
Number of asset objects unloaded after import = 0
========================================================================
Received Import Request.
  Time since last request: 0.100681 seconds.
  path: Assets/Scripts/CardFunction/Power.cs
  artifactKey: Guid(2e1494f40ba10ac40a0597db42f98b14) Importer(815301076,1909f56bfc062723c751e8b465ee728b)
Start importing Assets/Scripts/CardFunction/Power.cs using Guid(2e1494f40ba10ac40a0597db42f98b14) Importer(815301076,1909f56bfc062723c751e8b465ee728b) [PhysX] Initialized MultithreadedTaskDispatcher with 8 workers.
 -> (artifact id: '00000000000000000000000000000000') in 0.001332 seconds
Import Error Code:(4)
Message: Build asset version error: assets/scripts/cardfunction/power.cs in SourceAssetDB has modification time of '2026-03-08T03:42:55.4589686Z' while content on disk has modification time of '2026-03-08T03:45:34.3359563Z'
  ERROR: Build asset version error: assets/scripts/cardfunction/power.cs in SourceAssetDB has modification time of '2026-03-08T03:42:55.4589686Z' while content on disk has modification time of '2026-03-08T03:45:34.3359563Z'
Number of updated asset objects reloaded before import = 0
Number of asset objects unloaded after import = 0
========================================================================
Received Import Request.
  Time since last request: 0.145873 seconds.
  path: Assets/Scripts/CardFunction/Power.cs
  artifactKey: Guid(2e1494f40ba10ac40a0597db42f98b14) Importer(815301076,1909f56bfc062723c751e8b465ee728b)
Start importing Assets/Scripts/CardFunction/Power.cs using Guid(2e1494f40ba10ac40a0597db42f98b14) Importer(815301076,1909f56bfc062723c751e8b465ee728b) [PhysX] Initialized MultithreadedTaskDispatcher with 8 workers.
 -> (artifact id: '00000000000000000000000000000000') in 0.011445 seconds
Import Error Code:(4)
Message: Build asset version error: assets/scripts/cardfunction/power.cs in SourceAssetDB has modification time of '2026-03-08T03:42:55.4589686Z' while content on disk has modification time of '2026-03-08T03:45:34.3359563Z'
  ERROR: Build asset version error: assets/scripts/cardfunction/power.cs in SourceAssetDB has modification time of '2026-03-08T03:42:55.4589686Z' while content on disk has modification time of '2026-03-08T03:45:34.3359563Z'
Number of updated asset objects reloaded before import = 0
Number of asset objects unloaded after import = 0
========================================================================
Received Import Request.
  Time since last request: 0.064366 seconds.
  path: Assets/Scripts/CardFunction/Power.cs
  artifactKey: Guid(2e1494f40ba10ac40a0597db42f98b14) Importer(815301076,1909f56bfc062723c751e8b465ee728b)
Start importing Assets/Scripts/CardFunction/Power.cs using Guid(2e1494f40ba10ac40a0597db42f98b14) Importer(815301076,1909f56bfc062723c751e8b465ee728b) [PhysX] Initialized MultithreadedTaskDispatcher with 8 workers.
 -> (artifact id: '00000000000000000000000000000000') in 0.002125 seconds
Import Error Code:(4)
Message: Build asset version error: assets/scripts/cardfunction/power.cs in SourceAssetDB has modification time of '2026-03-08T03:42:55.4589686Z' while content on disk has modification time of '2026-03-08T03:45:34.3359563Z'
  ERROR: Build asset version error: assets/scripts/cardfunction/power.cs in SourceAssetDB has modification time of '2026-03-08T03:42:55.4589686Z' while content on disk has modification time of '2026-03-08T03:45:34.3359563Z'
Number of updated asset objects reloaded before import = 0
Number of asset objects unloaded after import = 0
========================================================================
Received Import Request.
  Time since last request: 0.043452 seconds.
  path: Assets/Scripts/CardFunction/Power.cs
  artifactKey: Guid(2e1494f40ba10ac40a0597db42f98b14) Importer(815301076,1909f56bfc062723c751e8b465ee728b)
Start importing Assets/Scripts/CardFunction/Power.cs using Guid(2e1494f40ba10ac40a0597db42f98b14) Importer(815301076,1909f56bfc062723c751e8b465ee728b) [PhysX] Initialized MultithreadedTaskDispatcher with 8 workers.
 -> (artifact id: '00000000000000000000000000000000') in 0.002323 seconds
Import Error Code:(4)
Message: Build asset version error: assets/scripts/cardfunction/power.cs in SourceAssetDB has modification time of '2026-03-08T03:42:55.4589686Z' while content on disk has modification time of '2026-03-08T03:45:34.3359563Z'
  ERROR: Build asset version error: assets/scripts/cardfunction/power.cs in SourceAssetDB has modification time of '2026-03-08T03:42:55.4589686Z' while content on disk has modification time of '2026-03-08T03:45:34.3359563Z'
Number of updated asset objects reloaded before import = 0
Number of asset objects unloaded after import = 0
========================================================================
Received Import Request.
  Time since last request: 0.045688 seconds.
  path: Assets/Scripts/CardFunction/Power.cs
  artifactKey: Guid(2e1494f40ba10ac40a0597db42f98b14) Importer(815301076,1909f56bfc062723c751e8b465ee728b)
Start importing Assets/Scripts/CardFunction/Power.cs using Guid(2e1494f40ba10ac40a0597db42f98b14) Importer(815301076,1909f56bfc062723c751e8b465ee728b) [PhysX] Initialized MultithreadedTaskDispatcher with 8 workers.
 -> (artifact id: '00000000000000000000000000000000') in 0.007565 seconds
Import Error Code:(4)
Message: Build asset version error: assets/scripts/cardfunction/power.cs in SourceAssetDB has modification time of '2026-03-08T03:42:55.4589686Z' while content on disk has modification time of '2026-03-08T03:45:34.3359563Z'
  ERROR: Build asset version error: assets/scripts/cardfunction/power.cs in SourceAssetDB has modification time of '2026-03-08T03:42:55.4589686Z' while content on disk has modification time of '2026-03-08T03:45:34.3359563Z'
Number of updated asset objects reloaded before import = 0
Number of asset objects unloaded after import = 0
========================================================================
Received Import Request.
  Time since last request: 0.021581 seconds.
  path: Assets/Scripts/CardFunction/Power.cs
  artifactKey: Guid(2e1494f40ba10ac40a0597db42f98b14) Importer(815301076,1909f56bfc062723c751e8b465ee728b)
Start importing Assets/Scripts/CardFunction/Power.cs using Guid(2e1494f40ba10ac40a0597db42f98b14) Importer(815301076,1909f56bfc062723c751e8b465ee728b) [PhysX] Initialized MultithreadedTaskDispatcher with 8 workers.
 -> (artifact id: '00000000000000000000000000000000') in 0.000963 seconds
Import Error Code:(4)
Message: Build asset version error: assets/scripts/cardfunction/power.cs in SourceAssetDB has modification time of '2026-03-08T03:42:55.4589686Z' while content on disk has modification time of '2026-03-08T03:45:34.3359563Z'
  ERROR: Build asset version error: assets/scripts/cardfunction/power.cs in SourceAssetDB has modification time of '2026-03-08T03:42:55.4589686Z' while content on disk has modification time of '2026-03-08T03:45:34.3359563Z'
Number of updated asset objects reloaded before import = 0
Number of asset objects unloaded after import = 0
========================================================================
Received Import Request.
  Time since last request: 0.039000 seconds.
  path: Assets/Scripts/CardFunction/Power.cs
  artifactKey: Guid(2e1494f40ba10ac40a0597db42f98b14) Importer(815301076,1909f56bfc062723c751e8b465ee728b)
Start importing Assets/Scripts/CardFunction/Power.cs using Guid(2e1494f40ba10ac40a0597db42f98b14) Importer(815301076,1909f56bfc062723c751e8b465ee728b) [PhysX] Initialized MultithreadedTaskDispatcher with 8 workers.
 -> (artifact id: '00000000000000000000000000000000') in 0.002121 seconds
Import Error Code:(4)
Message: Build asset version error: assets/scripts/cardfunction/power.cs in SourceAssetDB has modification time of '2026-03-08T03:42:55.4589686Z' while content on disk has modification time of '2026-03-08T03:45:34.3359563Z'
  ERROR: Build asset version error: assets/scripts/cardfunction/power.cs in SourceAssetDB has modification time of '2026-03-08T03:42:55.4589686Z' while content on disk has modification time of '2026-03-08T03:45:34.3359563Z'
Number of updated asset objects reloaded before import = 0
Number of asset objects unloaded after import = 0
========================================================================
Received Import Request.
  Time since last request: 0.017481 seconds.
  path: Assets/Scripts/CardFunction/Power.cs
  artifactKey: Guid(2e1494f40ba10ac40a0597db42f98b14) Importer(815301076,1909f56bfc062723c751e8b465ee728b)
Start importing Assets/Scripts/CardFunction/Power.cs using Guid(2e1494f40ba10ac40a0597db42f98b14) Importer(815301076,1909f56bfc062723c751e8b465ee728b) [PhysX] Initialized MultithreadedTaskDispatcher with 8 workers.
 -> (artifact id: '00000000000000000000000000000000') in 0.001542 seconds
Import Error Code:(4)
Message: Build asset version error: assets/scripts/cardfunction/power.cs in SourceAssetDB has modification time of '2026-03-08T03:42:55.4589686Z' while content on disk has modification time of '2026-03-08T03:45:34.3359563Z'
  ERROR: Build asset version error: assets/scripts/cardfunction/power.cs in SourceAssetDB has modification time of '2026-03-08T03:42:55.4589686Z' while content on disk has modification time of '2026-03-08T03:45:34.3359563Z'
Number of updated asset objects reloaded before import = 0
Number of asset objects unloaded after import = 0
========================================================================
Received Import Request.
  Time since last request: 0.019105 seconds.
  path: Assets/Scripts/CardFunction/Power.cs
  artifactKey: Guid(2e1494f40ba10ac40a0597db42f98b14) Importer(815301076,1909f56bfc062723c751e8b465ee728b)
Start importing Assets/Scripts/CardFunction/Power.cs using Guid(2e1494f40ba10ac40a0597db42f98b14) Importer(815301076,1909f56bfc062723c751e8b465ee728b) [PhysX] Initialized MultithreadedTaskDispatcher with 8 workers.
 -> (artifact id: '00000000000000000000000000000000') in 0.004073 seconds
Import Error Code:(4)
Message: Build asset version error: assets/scripts/cardfunction/power.cs in SourceAssetDB has modification time of '2026-03-08T03:42:55.4589686Z' while content on disk has modification time of '2026-03-08T03:45:34.3359563Z'
  ERROR: Build asset version error: assets/scripts/cardfunction/power.cs in SourceAssetDB has modification time of '2026-03-08T03:42:55.4589686Z' while content on disk has modification time of '2026-03-08T03:45:34.3359563Z'
Number of updated asset objects reloaded before import = 0
Number of asset objects unloaded after import = 0
========================================================================
Received Import Request.
  Time since last request: 0.040144 seconds.
  path: Assets/Scripts/CardFunction/Power.cs
  artifactKey: Guid(2e1494f40ba10ac40a0597db42f98b14) Importer(815301076,1909f56bfc062723c751e8b465ee728b)
Start importing Assets/Scripts/CardFunction/Power.cs using Guid(2e1494f40ba10ac40a0597db42f98b14) Importer(815301076,1909f56bfc062723c751e8b465ee728b) [PhysX] Initialized MultithreadedTaskDispatcher with 8 workers.
 -> (artifact id: '00000000000000000000000000000000') in 0.000923 seconds
Import Error Code:(4)
Message: Build asset version error: assets/scripts/cardfunction/power.cs in SourceAssetDB has modification time of '2026-03-08T03:42:55.4589686Z' while content on disk has modification time of '2026-03-08T03:45:34.3359563Z'
  ERROR: Build asset version error: assets/scripts/cardfunction/power.cs in SourceAssetDB has modification time of '2026-03-08T03:42:55.4589686Z' while content on disk has modification time of '2026-03-08T03:45:34.3359563Z'
Number of updated asset objects reloaded before import = 0
Number of asset objects unloaded after import = 0
========================================================================
Received Import Request.
  Time since last request: 0.037077 seconds.
  path: Assets/Scripts/CardFunction/Power.cs
  artifactKey: Guid(2e1494f40ba10ac40a0597db42f98b14) Importer(815301076,1909f56bfc062723c751e8b465ee728b)
Start importing Assets/Scripts/CardFunction/Power.cs using Guid(2e1494f40ba10ac40a0597db42f98b14) Importer(815301076,1909f56bfc062723c751e8b465ee728b) [PhysX] Initialized MultithreadedTaskDispatcher with 8 workers.
 -> (artifact id: '00000000000000000000000000000000') in 0.001922 seconds
Import Error Code:(4)
Message: Build asset version error: assets/scripts/cardfunction/power.cs in SourceAssetDB has modification time of '2026-03-08T03:42:55.4589686Z' while content on disk has modification time of '2026-03-08T03:45:34.3359563Z'
  ERROR: Build asset version error: assets/scripts/cardfunction/power.cs in SourceAssetDB has modification time of '2026-03-08T03:42:55.4589686Z' while content on disk has modification time of '2026-03-08T03:45:34.3359563Z'
Number of updated asset objects reloaded before import = 0
Number of asset objects unloaded after import = 0
========================================================================
Received Import Request.
  Time since last request: 0.034200 seconds.
  path: Assets/Scripts/CardFunction/Power.cs
  artifactKey: Guid(2e1494f40ba10ac40a0597db42f98b14) Importer(815301076,1909f56bfc062723c751e8b465ee728b)
Start importing Assets/Scripts/CardFunction/Power.cs using Guid(2e1494f40ba10ac40a0597db42f98b14) Importer(815301076,1909f56bfc062723c751e8b465ee728b) [PhysX] Initialized MultithreadedTaskDispatcher with 8 workers.
 -> (artifact id: '00000000000000000000000000000000') in 0.001134 seconds
Import Error Code:(4)
Message: Build asset version error: assets/scripts/cardfunction/power.cs in SourceAssetDB has modification time of '2026-03-08T03:42:55.4589686Z' while content on disk has modification time of '2026-03-08T03:45:34.3359563Z'
  ERROR: Build asset version error: assets/scripts/cardfunction/power.cs in SourceAssetDB has modification time of '2026-03-08T03:42:55.4589686Z' while content on disk has modification time of '2026-03-08T03:45:34.3359563Z'
Number of updated asset objects reloaded before import = 0
Number of asset objects unloaded after import = 0
========================================================================
Received Import Request.
  Time since last request: 0.045312 seconds.
  path: Assets/Scripts/CardFunction/Power.cs
  artifactKey: Guid(2e1494f40ba10ac40a0597db42f98b14) Importer(815301076,1909f56bfc062723c751e8b465ee728b)
Start importing Assets/Scripts/CardFunction/Power.cs using Guid(2e1494f40ba10ac40a0597db42f98b14) Importer(815301076,1909f56bfc062723c751e8b465ee728b) [PhysX] Initialized MultithreadedTaskDispatcher with 8 workers.
 -> (artifact id: '00000000000000000000000000000000') in 0.001353 seconds
Import Error Code:(4)
Message: Build asset version error: assets/scripts/cardfunction/power.cs in SourceAssetDB has modification time of '2026-03-08T03:42:55.4589686Z' while content on disk has modification time of '2026-03-08T03:45:34.3359563Z'
  ERROR: Build asset version error: assets/scripts/cardfunction/power.cs in SourceAssetDB has modification time of '2026-03-08T03:42:55.4589686Z' while content on disk has modification time of '2026-03-08T03:45:34.3359563Z'
Number of updated asset objects reloaded before import = 0
Number of asset objects unloaded after import = 0
========================================================================
Received Import Request.
  Time since last request: 0.034077 seconds.
  path: Assets/Scripts/CardFunction/Power.cs
  artifactKey: Guid(2e1494f40ba10ac40a0597db42f98b14) Importer(815301076,1909f56bfc062723c751e8b465ee728b)
Start importing Assets/Scripts/CardFunction/Power.cs using Guid(2e1494f40ba10ac40a0597db42f98b14) Importer(815301076,1909f56bfc062723c751e8b465ee728b) [PhysX] Initialized MultithreadedTaskDispatcher with 8 workers.
 -> (artifact id: '00000000000000000000000000000000') in 0.001888 seconds
Import Error Code:(4)
Message: Build asset version error: assets/scripts/cardfunction/power.cs in SourceAssetDB has modification time of '2026-03-08T03:42:55.4589686Z' while content on disk has modification time of '2026-03-08T03:45:34.3359563Z'
  ERROR: Build asset version error: assets/scripts/cardfunction/power.cs in SourceAssetDB has modification time of '2026-03-08T03:42:55.4589686Z' while content on disk has modification time of '2026-03-08T03:45:34.3359563Z'
Number of updated asset objects reloaded before import = 0
Number of asset objects unloaded after import = 0
========================================================================
Received Import Request.
  Time since last request: 0.030843 seconds.
  path: Assets/Scripts/CardFunction/Power.cs
  artifactKey: Guid(2e1494f40ba10ac40a0597db42f98b14) Importer(815301076,1909f56bfc062723c751e8b465ee728b)
Start importing Assets/Scripts/CardFunction/Power.cs using Guid(2e1494f40ba10ac40a0597db42f98b14) Importer(815301076,1909f56bfc062723c751e8b465ee728b) [PhysX] Initialized MultithreadedTaskDispatcher with 8 workers.
 -> (artifact id: '00000000000000000000000000000000') in 0.001274 seconds
Import Error Code:(4)
Message: Build asset version error: assets/scripts/cardfunction/power.cs in SourceAssetDB has modification time of '2026-03-08T03:42:55.4589686Z' while content on disk has modification time of '2026-03-08T03:45:34.3359563Z'
  ERROR: Build asset version error: assets/scripts/cardfunction/power.cs in SourceAssetDB has modification time of '2026-03-08T03:42:55.4589686Z' while content on disk has modification time of '2026-03-08T03:45:34.3359563Z'
Number of updated asset objects reloaded before import = 0
Number of asset objects unloaded after import = 0
========================================================================
Received Import Request.
  Time since last request: 0.039792 seconds.
  path: Assets/Scripts/CardFunction/Power.cs
  artifactKey: Guid(2e1494f40ba10ac40a0597db42f98b14) Importer(815301076,1909f56bfc062723c751e8b465ee728b)
Start importing Assets/Scripts/CardFunction/Power.cs using Guid(2e1494f40ba10ac40a0597db42f98b14) Importer(815301076,1909f56bfc062723c751e8b465ee728b) [PhysX] Initialized MultithreadedTaskDispatcher with 8 workers.
 -> (artifact id: '00000000000000000000000000000000') in 0.001592 seconds
Import Error Code:(4)
Message: Build asset version error: assets/scripts/cardfunction/power.cs in SourceAssetDB has modification time of '2026-03-08T03:42:55.4589686Z' while content on disk has modification time of '2026-03-08T03:45:34.3359563Z'
  ERROR: Build asset version error: assets/scripts/cardfunction/power.cs in SourceAssetDB has modification time of '2026-03-08T03:42:55.4589686Z' while content on disk has modification time of '2026-03-08T03:45:34.3359563Z'
Number of updated asset objects reloaded before import = 0
Number of asset objects unloaded after import = 0
========================================================================
Received Import Request.
  Time since last request: 0.028348 seconds.
  path: Assets/Scripts/CardFunction/Power.cs
  artifactKey: Guid(2e1494f40ba10ac40a0597db42f98b14) Importer(815301076,1909f56bfc062723c751e8b465ee728b)
Start importing Assets/Scripts/CardFunction/Power.cs using Guid(2e1494f40ba10ac40a0597db42f98b14) Importer(815301076,1909f56bfc062723c751e8b465ee728b) [PhysX] Initialized MultithreadedTaskDispatcher with 8 workers.
 -> (artifact id: '00000000000000000000000000000000') in 0.001803 seconds
Import Error Code:(4)
Message: Build asset version error: assets/scripts/cardfunction/power.cs in SourceAssetDB has modification time of '2026-03-08T03:42:55.4589686Z' while content on disk has modification time of '2026-03-08T03:45:34.3359563Z'
  ERROR: Build asset version error: assets/scripts/cardfunction/power.cs in SourceAssetDB has modification time of '2026-03-08T03:42:55.4589686Z' while content on disk has modification time of '2026-03-08T03:45:34.3359563Z'
Number of updated asset objects reloaded before import = 0
Number of asset objects unloaded after import = 0
========================================================================
Received Import Request.
  Time since last request: 0.023618 seconds.
  path: Assets/Scripts/CardFunction/Power.cs
  artifactKey: Guid(2e1494f40ba10ac40a0597db42f98b14) Importer(815301076,1909f56bfc062723c751e8b465ee728b)
Start importing Assets/Scripts/CardFunction/Power.cs using Guid(2e1494f40ba10ac40a0597db42f98b14) Importer(815301076,1909f56bfc062723c751e8b465ee728b) [PhysX] Initialized MultithreadedTaskDispatcher with 8 workers.
 -> (artifact id: '00000000000000000000000000000000') in 0.000995 seconds
Import Error Code:(4)
Message: Build asset version error: assets/scripts/cardfunction/power.cs in SourceAssetDB has modification time of '2026-03-08T03:42:55.4589686Z' while content on disk has modification time of '2026-03-08T03:45:34.3359563Z'
  ERROR: Build asset version error: assets/scripts/cardfunction/power.cs in SourceAssetDB has modification time of '2026-03-08T03:42:55.4589686Z' while content on disk has modification time of '2026-03-08T03:45:34.3359563Z'
Number of updated asset objects reloaded before import = 0
Number of asset objects unloaded after import = 0
========================================================================
Received Import Request.
  Time since last request: 0.023647 seconds.
  path: Assets/Scripts/CardFunction/Power.cs
  artifactKey: Guid(2e1494f40ba10ac40a0597db42f98b14) Importer(815301076,1909f56bfc062723c751e8b465ee728b)
Start importing Assets/Scripts/CardFunction/Power.cs using Guid(2e1494f40ba10ac40a0597db42f98b14) Importer(815301076,1909f56bfc062723c751e8b465ee728b) [PhysX] Initialized MultithreadedTaskDispatcher with 8 workers.
 -> (artifact id: '00000000000000000000000000000000') in 0.001696 seconds
Import Error Code:(4)
Message: Build asset version error: assets/scripts/cardfunction/power.cs in SourceAssetDB has modification time of '2026-03-08T03:42:55.4589686Z' while content on disk has modification time of '2026-03-08T03:45:34.3359563Z'
  ERROR: Build asset version error: assets/scripts/cardfunction/power.cs in SourceAssetDB has modification time of '2026-03-08T03:42:55.4589686Z' while content on disk has modification time of '2026-03-08T03:45:34.3359563Z'
Number of updated asset objects reloaded before import = 0
Number of asset objects unloaded after import = 0
========================================================================
Received Import Request.
  Time since last request: 0.024557 seconds.
  path: Assets/Scripts/CardFunction/Power.cs
  artifactKey: Guid(2e1494f40ba10ac40a0597db42f98b14) Importer(815301076,1909f56bfc062723c751e8b465ee728b)
Start importing Assets/Scripts/CardFunction/Power.cs using Guid(2e1494f40ba10ac40a0597db42f98b14) Importer(815301076,1909f56bfc062723c751e8b465ee728b) [PhysX] Initialized MultithreadedTaskDispatcher with 8 workers.
 -> (artifact id: '00000000000000000000000000000000') in 0.000955 seconds
Import Error Code:(4)
Message: Build asset version error: assets/scripts/cardfunction/power.cs in SourceAssetDB has modification time of '2026-03-08T03:42:55.4589686Z' while content on disk has modification time of '2026-03-08T03:45:34.3359563Z'
  ERROR: Build asset version error: assets/scripts/cardfunction/power.cs in SourceAssetDB has modification time of '2026-03-08T03:42:55.4589686Z' while content on disk has modification time of '2026-03-08T03:45:34.3359563Z'
Number of updated asset objects reloaded before import = 0
Number of asset objects unloaded after import = 0
========================================================================
Received Import Request.
  Time since last request: 0.025388 seconds.
  path: Assets/Scripts/CardFunction/Power.cs
  artifactKey: Guid(2e1494f40ba10ac40a0597db42f98b14) Importer(815301076,1909f56bfc062723c751e8b465ee728b)
Start importing Assets/Scripts/CardFunction/Power.cs using Guid(2e1494f40ba10ac40a0597db42f98b14) Importer(815301076,1909f56bfc062723c751e8b465ee728b) [PhysX] Initialized MultithreadedTaskDispatcher with 8 workers.
 -> (artifact id: '00000000000000000000000000000000') in 0.001732 seconds
Import Error Code:(4)
Message: Build asset version error: assets/scripts/cardfunction/power.cs in SourceAssetDB has modification time of '2026-03-08T03:42:55.4589686Z' while content on disk has modification time of '2026-03-08T03:45:34.3359563Z'
  ERROR: Build asset version error: assets/scripts/cardfunction/power.cs in SourceAssetDB has modification time of '2026-03-08T03:42:55.4589686Z' while content on disk has modification time of '2026-03-08T03:45:34.3359563Z'
Number of updated asset objects reloaded before import = 0
Number of asset objects unloaded after import = 0
========================================================================
Received Import Request.
  Time since last request: 0.037870 seconds.
  path: Assets/Scripts/CardFunction/Power.cs
  artifactKey: Guid(2e1494f40ba10ac40a0597db42f98b14) Importer(815301076,1909f56bfc062723c751e8b465ee728b)
Start importing Assets/Scripts/CardFunction/Power.cs using Guid(2e1494f40ba10ac40a0597db42f98b14) Importer(815301076,1909f56bfc062723c751e8b465ee728b) [PhysX] Initialized MultithreadedTaskDispatcher with 8 workers.
 -> (artifact id: '00000000000000000000000000000000') in 0.001038 seconds
Import Error Code:(4)
Message: Build asset version error: assets/scripts/cardfunction/power.cs in SourceAssetDB has modification time of '2026-03-08T03:42:55.4589686Z' while content on disk has modification time of '2026-03-08T03:45:34.3359563Z'
  ERROR: Build asset version error: assets/scripts/cardfunction/power.cs in SourceAssetDB has modification time of '2026-03-08T03:42:55.4589686Z' while content on disk has modification time of '2026-03-08T03:45:34.3359563Z'
Number of updated asset objects reloaded before import = 0
Number of asset objects unloaded after import = 0
========================================================================
Received Import Request.
  Time since last request: 0.018773 seconds.
  path: Assets/Scripts/CardFunction/Power.cs
  artifactKey: Guid(2e1494f40ba10ac40a0597db42f98b14) Importer(815301076,1909f56bfc062723c751e8b465ee728b)
Start importing Assets/Scripts/CardFunction/Power.cs using Guid(2e1494f40ba10ac40a0597db42f98b14) Importer(815301076,1909f56bfc062723c751e8b465ee728b) [PhysX] Initialized MultithreadedTaskDispatcher with 8 workers.
 -> (artifact id: '00000000000000000000000000000000') in 0.001618 seconds
Import Error Code:(4)
Message: Build asset version error: assets/scripts/cardfunction/power.cs in SourceAssetDB has modification time of '2026-03-08T03:42:55.4589686Z' while content on disk has modification time of '2026-03-08T03:45:34.3359563Z'
  ERROR: Build asset version error: assets/scripts/cardfunction/power.cs in SourceAssetDB has modification time of '2026-03-08T03:42:55.4589686Z' while content on disk has modification time of '2026-03-08T03:45:34.3359563Z'
Number of updated asset objects reloaded before import = 0
Number of asset objects unloaded after import = 0
========================================================================
Received Import Request.
  Time since last request: 0.012174 seconds.
  path: Assets/Scripts/CardFunction/Power.cs
  artifactKey: Guid(2e1494f40ba10ac40a0597db42f98b14) Importer(815301076,1909f56bfc062723c751e8b465ee728b)
Start importing Assets/Scripts/CardFunction/Power.cs using Guid(2e1494f40ba10ac40a0597db42f98b14) Importer(815301076,1909f56bfc062723c751e8b465ee728b) [PhysX] Initialized MultithreadedTaskDispatcher with 8 workers.
 -> (artifact id: '00000000000000000000000000000000') in 0.001185 seconds
Import Error Code:(4)
Message: Build asset version error: assets/scripts/cardfunction/power.cs in SourceAssetDB has modification time of '2026-03-08T03:42:55.4589686Z' while content on disk has modification time of '2026-03-08T03:45:34.3359563Z'
  ERROR: Build asset version error: assets/scripts/cardfunction/power.cs in SourceAssetDB has modification time of '2026-03-08T03:42:55.4589686Z' while content on disk has modification time of '2026-03-08T03:45:34.3359563Z'
Number of updated asset objects reloaded before import = 0
Number of asset objects unloaded after import = 0
========================================================================
Received Import Request.
  Time since last request: 0.022267 seconds.
  path: Assets/Scripts/CardFunction/Power.cs
  artifactKey: Guid(2e1494f40ba10ac40a0597db42f98b14) Importer(815301076,1909f56bfc062723c751e8b465ee728b)
Start importing Assets/Scripts/CardFunction/Power.cs using Guid(2e1494f40ba10ac40a0597db42f98b14) Importer(815301076,1909f56bfc062723c751e8b465ee728b) [PhysX] Initialized MultithreadedTaskDispatcher with 8 workers.
 -> (artifact id: '00000000000000000000000000000000') in 0.001872 seconds
Import Error Code:(4)
Message: Build asset version error: assets/scripts/cardfunction/power.cs in SourceAssetDB has modification time of '2026-03-08T03:42:55.4589686Z' while content on disk has modification time of '2026-03-08T03:45:34.3359563Z'
  ERROR: Build asset version error: assets/scripts/cardfunction/power.cs in SourceAssetDB has modification time of '2026-03-08T03:42:55.4589686Z' while content on disk has modification time of '2026-03-08T03:45:34.3359563Z'
Number of updated asset objects reloaded before import = 0
Number of asset objects unloaded after import = 0
========================================================================
Received Import Request.
  Time since last request: 0.025290 seconds.
  path: Assets/Scripts/CardFunction/Power.cs
  artifactKey: Guid(2e1494f40ba10ac40a0597db42f98b14) Importer(815301076,1909f56bfc062723c751e8b465ee728b)
Start importing Assets/Scripts/CardFunction/Power.cs using Guid(2e1494f40ba10ac40a0597db42f98b14) Importer(815301076,1909f56bfc062723c751e8b465ee728b) [PhysX] Initialized MultithreadedTaskDispatcher with 8 workers.
 -> (artifact id: '00000000000000000000000000000000') in 0.000864 seconds
Import Error Code:(4)
Message: Build asset version error: assets/scripts/cardfunction/power.cs in SourceAssetDB has modification time of '2026-03-08T03:42:55.4589686Z' while content on disk has modification time of '2026-03-08T03:45:34.3359563Z'
  ERROR: Build asset version error: assets/scripts/cardfunction/power.cs in SourceAssetDB has modification time of '2026-03-08T03:42:55.4589686Z' while content on disk has modification time of '2026-03-08T03:45:34.3359563Z'
Number of updated asset objects reloaded before import = 0
Number of asset objects unloaded after import = 0
========================================================================
Received Import Request.
  Time since last request: 0.023858 seconds.
  path: Assets/Scripts/CardFunction/Power.cs
  artifactKey: Guid(2e1494f40ba10ac40a0597db42f98b14) Importer(815301076,1909f56bfc062723c751e8b465ee728b)
Start importing Assets/Scripts/CardFunction/Power.cs using Guid(2e1494f40ba10ac40a0597db42f98b14) Importer(815301076,1909f56bfc062723c751e8b465ee728b) [PhysX] Initialized MultithreadedTaskDispatcher with 8 workers.
 -> (artifact id: '00000000000000000000000000000000') in 0.001572 seconds
Import Error Code:(4)
Message: Build asset version error: assets/scripts/cardfunction/power.cs in SourceAssetDB has modification time of '2026-03-08T03:42:55.4589686Z' while content on disk has modification time of '2026-03-08T03:45:34.3359563Z'
  ERROR: Build asset version error: assets/scripts/cardfunction/power.cs in SourceAssetDB has modification time of '2026-03-08T03:42:55.4589686Z' while content on disk has modification time of '2026-03-08T03:45:34.3359563Z'
Number of updated asset objects reloaded before import = 0
Number of asset objects unloaded after import = 0
========================================================================
Received Import Request.
  Time since last request: 0.024056 seconds.
  path: Assets/Scripts/CardFunction/Power.cs
  artifactKey: Guid(2e1494f40ba10ac40a0597db42f98b14) Importer(815301076,1909f56bfc062723c751e8b465ee728b)
Start importing Assets/Scripts/CardFunction/Power.cs using Guid(2e1494f40ba10ac40a0597db42f98b14) Importer(815301076,1909f56bfc062723c751e8b465ee728b) [PhysX] Initialized MultithreadedTaskDispatcher with 8 workers.
 -> (artifact id: '00000000000000000000000000000000') in 0.001969 seconds
Import Error Code:(4)
Message: Build asset version error: assets/scripts/cardfunction/power.cs in SourceAssetDB has modification time of '2026-03-08T03:42:55.4589686Z' while content on disk has modification time of '2026-03-08T03:45:34.3359563Z'
  ERROR: Build asset version error: assets/scripts/cardfunction/power.cs in SourceAssetDB has modification time of '2026-03-08T03:42:55.4589686Z' while content on disk has modification time of '2026-03-08T03:45:34.3359563Z'
Number of updated asset objects reloaded before import = 0
Number of asset objects unloaded after import = 0
========================================================================
Received Import Request.
  Time since last request: 0.027346 seconds.
  path: Assets/Scripts/CardFunction/Power.cs
  artifactKey: Guid(2e1494f40ba10ac40a0597db42f98b14) Importer(815301076,1909f56bfc062723c751e8b465ee728b)
Start importing Assets/Scripts/CardFunction/Power.cs using Guid(2e1494f40ba10ac40a0597db42f98b14) Importer(815301076,1909f56bfc062723c751e8b465ee728b) [PhysX] Initialized MultithreadedTaskDispatcher with 8 workers.
 -> (artifact id: '00000000000000000000000000000000') in 0.001542 seconds
Import Error Code:(4)
Message: Build asset version error: assets/scripts/cardfunction/power.cs in SourceAssetDB has modification time of '2026-03-08T03:42:55.4589686Z' while content on disk has modification time of '2026-03-08T03:45:34.3359563Z'
  ERROR: Build asset version error: assets/scripts/cardfunction/power.cs in SourceAssetDB has modification time of '2026-03-08T03:42:55.4589686Z' while content on disk has modification time of '2026-03-08T03:45:34.3359563Z'
Number of updated asset objects reloaded before import = 0
Number of asset objects unloaded after import = 0
========================================================================
Received Import Request.
  Time since last request: 0.025388 seconds.
  path: Assets/Scripts/CardFunction/Power.cs
  artifactKey: Guid(2e1494f40ba10ac40a0597db42f98b14) Importer(815301076,1909f56bfc062723c751e8b465ee728b)
Start importing Assets/Scripts/CardFunction/Power.cs using Guid(2e1494f40ba10ac40a0597db42f98b14) Importer(815301076,1909f56bfc062723c751e8b465ee728b) [PhysX] Initialized MultithreadedTaskDispatcher with 8 workers.
 -> (artifact id: '00000000000000000000000000000000') in 0.002728 seconds
Import Error Code:(4)
Message: Build asset version error: assets/scripts/cardfunction/power.cs in SourceAssetDB has modification time of '2026-03-08T03:42:55.4589686Z' while content on disk has modification time of '2026-03-08T03:45:34.3359563Z'
  ERROR: Build asset version error: assets/scripts/cardfunction/power.cs in SourceAssetDB has modification time of '2026-03-08T03:42:55.4589686Z' while content on disk has modification time of '2026-03-08T03:45:34.3359563Z'
Number of updated asset objects reloaded before import = 0
Number of asset objects unloaded after import = 0
========================================================================
Received Import Request.
  Time since last request: 0.027511 seconds.
  path: Assets/Scripts/CardFunction/Power.cs
  artifactKey: Guid(2e1494f40ba10ac40a0597db42f98b14) Importer(815301076,1909f56bfc062723c751e8b465ee728b)
Start importing Assets/Scripts/CardFunction/Power.cs using Guid(2e1494f40ba10ac40a0597db42f98b14) Importer(815301076,1909f56bfc062723c751e8b465ee728b) [PhysX] Initialized MultithreadedTaskDispatcher with 8 workers.
 -> (artifact id: '00000000000000000000000000000000') in 0.001961 seconds
Import Error Code:(4)
Message: Build asset version error: assets/scripts/cardfunction/power.cs in SourceAssetDB has modification time of '2026-03-08T03:42:55.4589686Z' while content on disk has modification time of '2026-03-08T03:45:34.3359563Z'
  ERROR: Build asset version error: assets/scripts/cardfunction/power.cs in SourceAssetDB has modification time of '2026-03-08T03:42:55.4589686Z' while content on disk has modification time of '2026-03-08T03:45:34.3359563Z'
Number of updated asset objects reloaded before import = 0
Number of asset objects unloaded after import = 0
========================================================================
Received Import Request.
  Time since last request: 0.021655 seconds.
  path: Assets/Scripts/CardFunction/Power.cs
  artifactKey: Guid(2e1494f40ba10ac40a0597db42f98b14) Importer(815301076,1909f56bfc062723c751e8b465ee728b)
Start importing Assets/Scripts/CardFunction/Power.cs using Guid(2e1494f40ba10ac40a0597db42f98b14) Importer(815301076,1909f56bfc062723c751e8b465ee728b) [PhysX] Initialized MultithreadedTaskDispatcher with 8 workers.
 -> (artifact id: '00000000000000000000000000000000') in 0.000964 seconds
Import Error Code:(4)
Message: Build asset version error: assets/scripts/cardfunction/power.cs in SourceAssetDB has modification time of '2026-03-08T03:42:55.4589686Z' while content on disk has modification time of '2026-03-08T03:45:34.3359563Z'
  ERROR: Build asset version error: assets/scripts/cardfunction/power.cs in SourceAssetDB has modification time of '2026-03-08T03:42:55.4589686Z' while content on disk has modification time of '2026-03-08T03:45:34.3359563Z'
Number of updated asset objects reloaded before import = 0
Number of asset objects unloaded after import = 0
========================================================================
Received Import Request.
  Time since last request: 0.023056 seconds.
  path: Assets/Scripts/CardFunction/Power.cs
  artifactKey: Guid(2e1494f40ba10ac40a0597db42f98b14) Importer(815301076,1909f56bfc062723c751e8b465ee728b)
Start importing Assets/Scripts/CardFunction/Power.cs using Guid(2e1494f40ba10ac40a0597db42f98b14) Importer(815301076,1909f56bfc062723c751e8b465ee728b) [PhysX] Initialized MultithreadedTaskDispatcher with 8 workers.
 -> (artifact id: '00000000000000000000000000000000') in 0.000898 seconds
Import Error Code:(4)
Message: Build asset version error: assets/scripts/cardfunction/power.cs in SourceAssetDB has modification time of '2026-03-08T03:42:55.4589686Z' while content on disk has modification time of '2026-03-08T03:45:34.3359563Z'
  ERROR: Build asset version error: assets/scripts/cardfunction/power.cs in SourceAssetDB has modification time of '2026-03-08T03:42:55.4589686Z' while content on disk has modification time of '2026-03-08T03:45:34.3359563Z'
Number of updated asset objects reloaded before import = 0
Number of asset objects unloaded after import = 0
========================================================================
Received Import Request.
  Time since last request: 0.025518 seconds.
  path: Assets/Scripts/CardFunction/Power.cs
  artifactKey: Guid(2e1494f40ba10ac40a0597db42f98b14) Importer(815301076,1909f56bfc062723c751e8b465ee728b)
Start importing Assets/Scripts/CardFunction/Power.cs using Guid(2e1494f40ba10ac40a0597db42f98b14) Importer(815301076,1909f56bfc062723c751e8b465ee728b) [PhysX] Initialized MultithreadedTaskDispatcher with 8 workers.
 -> (artifact id: '00000000000000000000000000000000') in 0.002213 seconds
Import Error Code:(4)
Message: Build asset version error: assets/scripts/cardfunction/power.cs in SourceAssetDB has modification time of '2026-03-08T03:42:55.4589686Z' while content on disk has modification time of '2026-03-08T03:45:34.3359563Z'
  ERROR: Build asset version error: assets/scripts/cardfunction/power.cs in SourceAssetDB has modification time of '2026-03-08T03:42:55.4589686Z' while content on disk has modification time of '2026-03-08T03:45:34.3359563Z'
Number of updated asset objects reloaded before import = 0
Number of asset objects unloaded after import = 0
========================================================================
Received Import Request.
  Time since last request: 0.020956 seconds.
  path: Assets/Scripts/CardFunction/Power.cs
  artifactKey: Guid(2e1494f40ba10ac40a0597db42f98b14) Importer(815301076,1909f56bfc062723c751e8b465ee728b)
Start importing Assets/Scripts/CardFunction/Power.cs using Guid(2e1494f40ba10ac40a0597db42f98b14) Importer(815301076,1909f56bfc062723c751e8b465ee728b) [PhysX] Initialized MultithreadedTaskDispatcher with 8 workers.
 -> (artifact id: '00000000000000000000000000000000') in 0.000905 seconds
Import Error Code:(4)
Message: Build asset version error: assets/scripts/cardfunction/power.cs in SourceAssetDB has modification time of '2026-03-08T03:42:55.4589686Z' while content on disk has modification time of '2026-03-08T03:45:34.3359563Z'
  ERROR: Build asset version error: assets/scripts/cardfunction/power.cs in SourceAssetDB has modification time of '2026-03-08T03:42:55.4589686Z' while content on disk has modification time of '2026-03-08T03:45:34.3359563Z'
Number of updated asset objects reloaded before import = 0
Number of asset objects unloaded after import = 0
========================================================================
Received Import Request.
  Time since last request: 0.024975 seconds.
  path: Assets/Scripts/CardFunction/Power.cs
  artifactKey: Guid(2e1494f40ba10ac40a0597db42f98b14) Importer(815301076,1909f56bfc062723c751e8b465ee728b)
Start importing Assets/Scripts/CardFunction/Power.cs using Guid(2e1494f40ba10ac40a0597db42f98b14) Importer(815301076,1909f56bfc062723c751e8b465ee728b) [PhysX] Initialized MultithreadedTaskDispatcher with 8 workers.
 -> (artifact id: '00000000000000000000000000000000') in 0.001053 seconds
Import Error Code:(4)
Message: Build asset version error: assets/scripts/cardfunction/power.cs in SourceAssetDB has modification time of '2026-03-08T03:42:55.4589686Z' while content on disk has modification time of '2026-03-08T03:45:34.3359563Z'
  ERROR: Build asset version error: assets/scripts/cardfunction/power.cs in SourceAssetDB has modification time of '2026-03-08T03:42:55.4589686Z' while content on disk has modification time of '2026-03-08T03:45:34.3359563Z'
Number of updated asset objects reloaded before import = 0
Number of asset objects unloaded after import = 0
========================================================================
Received Import Request.
  Time since last request: 0.019275 seconds.
  path: Assets/Scripts/CardFunction/Power.cs
  artifactKey: Guid(2e1494f40ba10ac40a0597db42f98b14) Importer(815301076,1909f56bfc062723c751e8b465ee728b)
Start importing Assets/Scripts/CardFunction/Power.cs using Guid(2e1494f40ba10ac40a0597db42f98b14) Importer(815301076,1909f56bfc062723c751e8b465ee728b) [PhysX] Initialized MultithreadedTaskDispatcher with 8 workers.
 -> (artifact id: '00000000000000000000000000000000') in 0.000840 seconds
Import Error Code:(4)
Message: Build asset version error: assets/scripts/cardfunction/power.cs in SourceAssetDB has modification time of '2026-03-08T03:42:55.4589686Z' while content on disk has modification time of '2026-03-08T03:45:34.3359563Z'
  ERROR: Build asset version error: assets/scripts/cardfunction/power.cs in SourceAssetDB has modification time of '2026-03-08T03:42:55.4589686Z' while content on disk has modification time of '2026-03-08T03:45:34.3359563Z'
Number of updated asset objects reloaded before import = 0
Number of asset objects unloaded after import = 0
========================================================================
Received Import Request.
  Time since last request: 0.028698 seconds.
  path: Assets/Scripts/CardFunction/Power.cs
  artifactKey: Guid(2e1494f40ba10ac40a0597db42f98b14) Importer(815301076,1909f56bfc062723c751e8b465ee728b)
Start importing Assets/Scripts/CardFunction/Power.cs using Guid(2e1494f40ba10ac40a0597db42f98b14) Importer(815301076,1909f56bfc062723c751e8b465ee728b) [PhysX] Initialized MultithreadedTaskDispatcher with 8 workers.
 -> (artifact id: '00000000000000000000000000000000') in 0.000879 seconds
Import Error Code:(4)
Message: Build asset version error: assets/scripts/cardfunction/power.cs in SourceAssetDB has modification time of '2026-03-08T03:42:55.4589686Z' while content on disk has modification time of '2026-03-08T03:45:34.3359563Z'
  ERROR: Build asset version error: assets/scripts/cardfunction/power.cs in SourceAssetDB has modification time of '2026-03-08T03:42:55.4589686Z' while content on disk has modification time of '2026-03-08T03:45:34.3359563Z'
Number of updated asset objects reloaded before import = 0
Number of asset objects unloaded after import = 0
========================================================================
Received Import Request.
  Time since last request: 0.022682 seconds.
  path: Assets/Scripts/CardFunction/Power.cs
  artifactKey: Guid(2e1494f40ba10ac40a0597db42f98b14) Importer(815301076,1909f56bfc062723c751e8b465ee728b)
Start importing Assets/Scripts/CardFunction/Power.cs using Guid(2e1494f40ba10ac40a0597db42f98b14) Importer(815301076,1909f56bfc062723c751e8b465ee728b) [PhysX] Initialized MultithreadedTaskDispatcher with 8 workers.
 -> (artifact id: '00000000000000000000000000000000') in 0.001544 seconds
Import Error Code:(4)
Message: Build asset version error: assets/scripts/cardfunction/power.cs in SourceAssetDB has modification time of '2026-03-08T03:42:55.4589686Z' while content on disk has modification time of '2026-03-08T03:45:34.3359563Z'
  ERROR: Build asset version error: assets/scripts/cardfunction/power.cs in SourceAssetDB has modification time of '2026-03-08T03:42:55.4589686Z' while content on disk has modification time of '2026-03-08T03:45:34.3359563Z'
Number of updated asset objects reloaded before import = 0
Number of asset objects unloaded after import = 0
========================================================================
Received Import Request.
  Time since last request: 0.040367 seconds.
  path: Assets/Scripts/CardFunction/Power.cs
  artifactKey: Guid(2e1494f40ba10ac40a0597db42f98b14) Importer(815301076,1909f56bfc062723c751e8b465ee728b)
Start importing Assets/Scripts/CardFunction/Power.cs using Guid(2e1494f40ba10ac40a0597db42f98b14) Importer(815301076,1909f56bfc062723c751e8b465ee728b) [PhysX] Initialized MultithreadedTaskDispatcher with 8 workers.
 -> (artifact id: '00000000000000000000000000000000') in 0.002827 seconds
Import Error Code:(4)
Message: Build asset version error: assets/scripts/cardfunction/power.cs in SourceAssetDB has modification time of '2026-03-08T03:42:55.4589686Z' while content on disk has modification time of '2026-03-08T03:45:34.3359563Z'
  ERROR: Build asset version error: assets/scripts/cardfunction/power.cs in SourceAssetDB has modification time of '2026-03-08T03:42:55.4589686Z' while content on disk has modification time of '2026-03-08T03:45:34.3359563Z'
Number of updated asset objects reloaded before import = 0
Number of asset objects unloaded after import = 0
========================================================================
Received Import Request.
  Time since last request: 0.027323 seconds.
  path: Assets/Scripts/CardFunction/Power.cs
  artifactKey: Guid(2e1494f40ba10ac40a0597db42f98b14) Importer(815301076,1909f56bfc062723c751e8b465ee728b)
Start importing Assets/Scripts/CardFunction/Power.cs using Guid(2e1494f40ba10ac40a0597db42f98b14) Importer(815301076,1909f56bfc062723c751e8b465ee728b) [PhysX] Initialized MultithreadedTaskDispatcher with 8 workers.
 -> (artifact id: '00000000000000000000000000000000') in 0.001312 seconds
Import Error Code:(4)
Message: Build asset version error: assets/scripts/cardfunction/power.cs in SourceAssetDB has modification time of '2026-03-08T03:42:55.4589686Z' while content on disk has modification time of '2026-03-08T03:45:34.3359563Z'
  ERROR: Build asset version error: assets/scripts/cardfunction/power.cs in SourceAssetDB has modification time of '2026-03-08T03:42:55.4589686Z' while content on disk has modification time of '2026-03-08T03:45:34.3359563Z'
Number of updated asset objects reloaded before import = 0
Number of asset objects unloaded after import = 0
========================================================================
Received Import Request.
  Time since last request: 0.038017 seconds.
  path: Assets/Scripts/CardFunction/Power.cs
  artifactKey: Guid(2e1494f40ba10ac40a0597db42f98b14) Importer(815301076,1909f56bfc062723c751e8b465ee728b)
Start importing Assets/Scripts/CardFunction/Power.cs using Guid(2e1494f40ba10ac40a0597db42f98b14) Importer(815301076,1909f56bfc062723c751e8b465ee728b) [PhysX] Initialized MultithreadedTaskDispatcher with 8 workers.
 -> (artifact id: '00000000000000000000000000000000') in 0.002029 seconds
Import Error Code:(4)
Message: Build asset version error: assets/scripts/cardfunction/power.cs in SourceAssetDB has modification time of '2026-03-08T03:42:55.4589686Z' while content on disk has modification time of '2026-03-08T03:45:34.3359563Z'
  ERROR: Build asset version error: assets/scripts/cardfunction/power.cs in SourceAssetDB has modification time of '2026-03-08T03:42:55.4589686Z' while content on disk has modification time of '2026-03-08T03:45:34.3359563Z'
Number of updated asset objects reloaded before import = 0
Number of asset objects unloaded after import = 0
========================================================================
Received Import Request.
  Time since last request: 0.026908 seconds.
  path: Assets/Scripts/CardFunction/Power.cs
  artifactKey: Guid(2e1494f40ba10ac40a0597db42f98b14) Importer(815301076,1909f56bfc062723c751e8b465ee728b)
Start importing Assets/Scripts/CardFunction/Power.cs using Guid(2e1494f40ba10ac40a0597db42f98b14) Importer(815301076,1909f56bfc062723c751e8b465ee728b) [PhysX] Initialized MultithreadedTaskDispatcher with 8 workers.
 -> (artifact id: '00000000000000000000000000000000') in 0.001236 seconds
Import Error Code:(4)
Message: Build asset version error: assets/scripts/cardfunction/power.cs in SourceAssetDB has modification time of '2026-03-08T03:42:55.4589686Z' while content on disk has modification time of '2026-03-08T03:45:34.3359563Z'
  ERROR: Build asset version error: assets/scripts/cardfunction/power.cs in SourceAssetDB has modification time of '2026-03-08T03:42:55.4589686Z' while content on disk has modification time of '2026-03-08T03:45:34.3359563Z'
Number of updated asset objects reloaded before import = 0
Number of asset objects unloaded after import = 0
========================================================================
Received Import Request.
  Time since last request: 0.027000 seconds.
  path: Assets/Scripts/CardFunction/Power.cs
  artifactKey: Guid(2e1494f40ba10ac40a0597db42f98b14) Importer(815301076,1909f56bfc062723c751e8b465ee728b)
Start importing Assets/Scripts/CardFunction/Power.cs using Guid(2e1494f40ba10ac40a0597db42f98b14) Importer(815301076,1909f56bfc062723c751e8b465ee728b) [PhysX] Initialized MultithreadedTaskDispatcher with 8 workers.
 -> (artifact id: '00000000000000000000000000000000') in 0.001159 seconds
Import Error Code:(4)
Message: Build asset version error: assets/scripts/cardfunction/power.cs in SourceAssetDB has modification time of '2026-03-08T03:42:55.4589686Z' while content on disk has modification time of '2026-03-08T03:45:34.3359563Z'
  ERROR: Build asset version error: assets/scripts/cardfunction/power.cs in SourceAssetDB has modification time of '2026-03-08T03:42:55.4589686Z' while content on disk has modification time of '2026-03-08T03:45:34.3359563Z'
Number of updated asset objects reloaded before import = 0
Number of asset objects unloaded after import = 0
========================================================================
Received Import Request.
  Time since last request: 0.036838 seconds.
  path: Assets/Scripts/CardFunction/Power.cs
  artifactKey: Guid(2e1494f40ba10ac40a0597db42f98b14) Importer(815301076,1909f56bfc062723c751e8b465ee728b)
Start importing Assets/Scripts/CardFunction/Power.cs using Guid(2e1494f40ba10ac40a0597db42f98b14) Importer(815301076,1909f56bfc062723c751e8b465ee728b) [PhysX] Initialized MultithreadedTaskDispatcher with 8 workers.
 -> (artifact id: '00000000000000000000000000000000') in 0.001676 seconds
Import Error Code:(4)
Message: Build asset version error: assets/scripts/cardfunction/power.cs in SourceAssetDB has modification time of '2026-03-08T03:42:55.4589686Z' while content on disk has modification time of '2026-03-08T03:45:34.3359563Z'
  ERROR: Build asset version error: assets/scripts/cardfunction/power.cs in SourceAssetDB has modification time of '2026-03-08T03:42:55.4589686Z' while content on disk has modification time of '2026-03-08T03:45:34.3359563Z'
Number of updated asset objects reloaded before import = 0
Number of asset objects unloaded after import = 0
========================================================================
Received Import Request.
  Time since last request: 0.033390 seconds.
  path: Assets/Scripts/CardFunction/Power.cs
  artifactKey: Guid(2e1494f40ba10ac40a0597db42f98b14) Importer(815301076,1909f56bfc062723c751e8b465ee728b)
Start importing Assets/Scripts/CardFunction/Power.cs using Guid(2e1494f40ba10ac40a0597db42f98b14) Importer(815301076,1909f56bfc062723c751e8b465ee728b) [PhysX] Initialized MultithreadedTaskDispatcher with 8 workers.
 -> (artifact id: '00000000000000000000000000000000') in 0.003251 seconds
Import Error Code:(4)
Message: Build asset version error: assets/scripts/cardfunction/power.cs in SourceAssetDB has modification time of '2026-03-08T03:42:55.4589686Z' while content on disk has modification time of '2026-03-08T03:45:34.3359563Z'
  ERROR: Build asset version error: assets/scripts/cardfunction/power.cs in SourceAssetDB has modification time of '2026-03-08T03:42:55.4589686Z' while content on disk has modification time of '2026-03-08T03:45:34.3359563Z'
Number of updated asset objects reloaded before import = 0
Number of asset objects unloaded after import = 0
========================================================================
Received Import Request.
  Time since last request: 0.039658 seconds.
  path: Assets/Scripts/CardFunction/Power.cs
  artifactKey: Guid(2e1494f40ba10ac40a0597db42f98b14) Importer(815301076,1909f56bfc062723c751e8b465ee728b)
Start importing Assets/Scripts/CardFunction/Power.cs using Guid(2e1494f40ba10ac40a0597db42f98b14) Importer(815301076,1909f56bfc062723c751e8b465ee728b) [PhysX] Initialized MultithreadedTaskDispatcher with 8 workers.
 -> (artifact id: '00000000000000000000000000000000') in 0.001791 seconds
Import Error Code:(4)
Message: Build asset version error: assets/scripts/cardfunction/power.cs in SourceAssetDB has modification time of '2026-03-08T03:42:55.4589686Z' while content on disk has modification time of '2026-03-08T03:45:34.3359563Z'
  ERROR: Build asset version error: assets/scripts/cardfunction/power.cs in SourceAssetDB has modification time of '2026-03-08T03:42:55.4589686Z' while content on disk has modification time of '2026-03-08T03:45:34.3359563Z'
Number of updated asset objects reloaded before import = 0
Number of asset objects unloaded after import = 0
========================================================================
Received Import Request.
  Time since last request: 0.025706 seconds.
  path: Assets/Scripts/CardFunction/Power.cs
  artifactKey: Guid(2e1494f40ba10ac40a0597db42f98b14) Importer(815301076,1909f56bfc062723c751e8b465ee728b)
Start importing Assets/Scripts/CardFunction/Power.cs using Guid(2e1494f40ba10ac40a0597db42f98b14) Importer(815301076,1909f56bfc062723c751e8b465ee728b) [PhysX] Initialized MultithreadedTaskDispatcher with 8 workers.
 -> (artifact id: '00000000000000000000000000000000') in 0.001940 seconds
Import Error Code:(4)
Message: Build asset version error: assets/scripts/cardfunction/power.cs in SourceAssetDB has modification time of '2026-03-08T03:42:55.4589686Z' while content on disk has modification time of '2026-03-08T03:45:34.3359563Z'
  ERROR: Build asset version error: assets/scripts/cardfunction/power.cs in SourceAssetDB has modification time of '2026-03-08T03:42:55.4589686Z' while content on disk has modification time of '2026-03-08T03:45:34.3359563Z'
Number of updated asset objects reloaded before import = 0
Number of asset objects unloaded after import = 0
========================================================================
Received Import Request.
  Time since last request: 0.028603 seconds.
  path: Assets/Scripts/CardFunction/Power.cs
  artifactKey: Guid(2e1494f40ba10ac40a0597db42f98b14) Importer(815301076,1909f56bfc062723c751e8b465ee728b)
Start importing Assets/Scripts/CardFunction/Power.cs using Guid(2e1494f40ba10ac40a0597db42f98b14) Importer(815301076,1909f56bfc062723c751e8b465ee728b) [PhysX] Initialized MultithreadedTaskDispatcher with 8 workers.
 -> (artifact id: '00000000000000000000000000000000') in 0.001246 seconds
Import Error Code:(4)
Message: Build asset version error: assets/scripts/cardfunction/power.cs in SourceAssetDB has modification time of '2026-03-08T03:42:55.4589686Z' while content on disk has modification time of '2026-03-08T03:45:34.3359563Z'
  ERROR: Build asset version error: assets/scripts/cardfunction/power.cs in SourceAssetDB has modification time of '2026-03-08T03:42:55.4589686Z' while content on disk has modification time of '2026-03-08T03:45:34.3359563Z'
Number of updated asset objects reloaded before import = 0
Number of asset objects unloaded after import = 0
========================================================================
Received Import Request.
  Time since last request: 0.033374 seconds.
  path: Assets/Scripts/CardFunction/Power.cs
  artifactKey: Guid(2e1494f40ba10ac40a0597db42f98b14) Importer(815301076,1909f56bfc062723c751e8b465ee728b)
Start importing Assets/Scripts/CardFunction/Power.cs using Guid(2e1494f40ba10ac40a0597db42f98b14) Importer(815301076,1909f56bfc062723c751e8b465ee728b) [PhysX] Initialized MultithreadedTaskDispatcher with 8 workers.
 -> (artifact id: '00000000000000000000000000000000') in 0.000928 seconds
Import Error Code:(4)
Message: Build asset version error: assets/scripts/cardfunction/power.cs in SourceAssetDB has modification time of '2026-03-08T03:42:55.4589686Z' while content on disk has modification time of '2026-03-08T03:45:34.3359563Z'
  ERROR: Build asset version error: assets/scripts/cardfunction/power.cs in SourceAssetDB has modification time of '2026-03-08T03:42:55.4589686Z' while content on disk has modification time of '2026-03-08T03:45:34.3359563Z'
Number of updated asset objects reloaded before import = 0
Number of asset objects unloaded after import = 0
========================================================================
Received Import Request.
  Time since last request: 0.039706 seconds.
  path: Assets/Scripts/CardFunction/Power.cs
  artifactKey: Guid(2e1494f40ba10ac40a0597db42f98b14) Importer(815301076,1909f56bfc062723c751e8b465ee728b)
Start importing Assets/Scripts/CardFunction/Power.cs using Guid(2e1494f40ba10ac40a0597db42f98b14) Importer(815301076,1909f56bfc062723c751e8b465ee728b) [PhysX] Initialized MultithreadedTaskDispatcher with 8 workers.
 -> (artifact id: '00000000000000000000000000000000') in 0.000797 seconds
Import Error Code:(4)
Message: Build asset version error: assets/scripts/cardfunction/power.cs in SourceAssetDB has modification time of '2026-03-08T03:42:55.4589686Z' while content on disk has modification time of '2026-03-08T03:45:34.3359563Z'
  ERROR: Build asset version error: assets/scripts/cardfunction/power.cs in SourceAssetDB has modification time of '2026-03-08T03:42:55.4589686Z' while content on disk has modification time of '2026-03-08T03:45:34.3359563Z'
Number of updated asset objects reloaded before import = 0
Number of asset objects unloaded after import = 0
========================================================================
Received Import Request.
  Time since last request: 0.037271 seconds.
  path: Assets/Scripts/CardFunction/Power.cs
  artifactKey: Guid(2e1494f40ba10ac40a0597db42f98b14) Importer(815301076,1909f56bfc062723c751e8b465ee728b)
Start importing Assets/Scripts/CardFunction/Power.cs using Guid(2e1494f40ba10ac40a0597db42f98b14) Importer(815301076,1909f56bfc062723c751e8b465ee728b) [PhysX] Initialized MultithreadedTaskDispatcher with 8 workers.
 -> (artifact id: '00000000000000000000000000000000') in 0.001279 seconds
Import Error Code:(4)
Message: Build asset version error: assets/scripts/cardfunction/power.cs in SourceAssetDB has modification time of '2026-03-08T03:42:55.4589686Z' while content on disk has modification time of '2026-03-08T03:45:34.3359563Z'
  ERROR: Build asset version error: assets/scripts/cardfunction/power.cs in SourceAssetDB has modification time of '2026-03-08T03:42:55.4589686Z' while content on disk has modification time of '2026-03-08T03:45:34.3359563Z'
Number of updated asset objects reloaded before import = 0
Number of asset objects unloaded after import = 0
========================================================================
Received Import Request.
  Time since last request: 0.023014 seconds.
  path: Assets/Scripts/CardFunction/Power.cs
  artifactKey: Guid(2e1494f40ba10ac40a0597db42f98b14) Importer(815301076,1909f56bfc062723c751e8b465ee728b)
Start importing Assets/Scripts/CardFunction/Power.cs using Guid(2e1494f40ba10ac40a0597db42f98b14) Importer(815301076,1909f56bfc062723c751e8b465ee728b) [PhysX] Initialized MultithreadedTaskDispatcher with 8 workers.
 -> (artifact id: '00000000000000000000000000000000') in 0.001554 seconds
Import Error Code:(4)
Message: Build asset version error: assets/scripts/cardfunction/power.cs in SourceAssetDB has modification time of '2026-03-08T03:42:55.4589686Z' while content on disk has modification time of '2026-03-08T03:45:34.3359563Z'
  ERROR: Build asset version error: assets/scripts/cardfunction/power.cs in SourceAssetDB has modification time of '2026-03-08T03:42:55.4589686Z' while content on disk has modification time of '2026-03-08T03:45:34.3359563Z'
Number of updated asset objects reloaded before import = 0
Number of asset objects unloaded after import = 0
========================================================================
Received Import Request.
  Time since last request: 0.020794 seconds.
  path: Assets/Scripts/CardFunction/Power.cs
  artifactKey: Guid(2e1494f40ba10ac40a0597db42f98b14) Importer(815301076,1909f56bfc062723c751e8b465ee728b)
Start importing Assets/Scripts/CardFunction/Power.cs using Guid(2e1494f40ba10ac40a0597db42f98b14) Importer(815301076,1909f56bfc062723c751e8b465ee728b) [PhysX] Initialized MultithreadedTaskDispatcher with 8 workers.
 -> (artifact id: '00000000000000000000000000000000') in 0.001009 seconds
Import Error Code:(4)
Message: Build asset version error: assets/scripts/cardfunction/power.cs in SourceAssetDB has modification time of '2026-03-08T03:42:55.4589686Z' while content on disk has modification time of '2026-03-08T03:45:34.3359563Z'
  ERROR: Build asset version error: assets/scripts/cardfunction/power.cs in SourceAssetDB has modification time of '2026-03-08T03:42:55.4589686Z' while content on disk has modification time of '2026-03-08T03:45:34.3359563Z'
Number of updated asset objects reloaded before import = 0
Number of asset objects unloaded after import = 0
========================================================================
Received Import Request.
  Time since last request: 0.035246 seconds.
  path: Assets/Scripts/CardFunction/Power.cs
  artifactKey: Guid(2e1494f40ba10ac40a0597db42f98b14) Importer(815301076,1909f56bfc062723c751e8b465ee728b)
Start importing Assets/Scripts/CardFunction/Power.cs using Guid(2e1494f40ba10ac40a0597db42f98b14) Importer(815301076,1909f56bfc062723c751e8b465ee728b) [PhysX] Initialized MultithreadedTaskDispatcher with 8 workers.
 -> (artifact id: '00000000000000000000000000000000') in 0.001298 seconds
Import Error Code:(4)
Message: Build asset version error: assets/scripts/cardfunction/power.cs in SourceAssetDB has modification time of '2026-03-08T03:42:55.4589686Z' while content on disk has modification time of '2026-03-08T03:45:34.3359563Z'
  ERROR: Build asset version error: assets/scripts/cardfunction/power.cs in SourceAssetDB has modification time of '2026-03-08T03:42:55.4589686Z' while content on disk has modification time of '2026-03-08T03:45:34.3359563Z'
Number of updated asset objects reloaded before import = 0
Number of asset objects unloaded after import = 0
========================================================================
Received Import Request.
  Time since last request: 0.033356 seconds.
  path: Assets/Scripts/CardFunction/Power.cs
  artifactKey: Guid(2e1494f40ba10ac40a0597db42f98b14) Importer(815301076,1909f56bfc062723c751e8b465ee728b)
Start importing Assets/Scripts/CardFunction/Power.cs using Guid(2e1494f40ba10ac40a0597db42f98b14) Importer(815301076,1909f56bfc062723c751e8b465ee728b) [PhysX] Initialized MultithreadedTaskDispatcher with 8 workers.
 -> (artifact id: '00000000000000000000000000000000') in 0.001317 seconds
Import Error Code:(4)
Message: Build asset version error: assets/scripts/cardfunction/power.cs in SourceAssetDB has modification time of '2026-03-08T03:42:55.4589686Z' while content on disk has modification time of '2026-03-08T03:45:34.3359563Z'
  ERROR: Build asset version error: assets/scripts/cardfunction/power.cs in SourceAssetDB has modification time of '2026-03-08T03:42:55.4589686Z' while content on disk has modification time of '2026-03-08T03:45:34.3359563Z'
Number of updated asset objects reloaded before import = 0
Number of asset objects unloaded after import = 0
========================================================================
Received Import Request.
  Time since last request: 0.028251 seconds.
  path: Assets/Scripts/CardFunction/Power.cs
  artifactKey: Guid(2e1494f40ba10ac40a0597db42f98b14) Importer(815301076,1909f56bfc062723c751e8b465ee728b)
Start importing Assets/Scripts/CardFunction/Power.cs using Guid(2e1494f40ba10ac40a0597db42f98b14) Importer(815301076,1909f56bfc062723c751e8b465ee728b) [PhysX] Initialized MultithreadedTaskDispatcher with 8 workers.
 -> (artifact id: '00000000000000000000000000000000') in 0.001264 seconds
Import Error Code:(4)
Message: Build asset version error: assets/scripts/cardfunction/power.cs in SourceAssetDB has modification time of '2026-03-08T03:42:55.4589686Z' while content on disk has modification time of '2026-03-08T03:45:34.3359563Z'
  ERROR: Build asset version error: assets/scripts/cardfunction/power.cs in SourceAssetDB has modification time of '2026-03-08T03:42:55.4589686Z' while content on disk has modification time of '2026-03-08T03:45:34.3359563Z'
Number of updated asset objects reloaded before import = 0
Number of asset objects unloaded after import = 0
========================================================================
Received Import Request.
  Time since last request: 0.025734 seconds.
  path: Assets/Scripts/CardFunction/Power.cs
  artifactKey: Guid(2e1494f40ba10ac40a0597db42f98b14) Importer(815301076,1909f56bfc062723c751e8b465ee728b)
Start importing Assets/Scripts/CardFunction/Power.cs using Guid(2e1494f40ba10ac40a0597db42f98b14) Importer(815301076,1909f56bfc062723c751e8b465ee728b) [PhysX] Initialized MultithreadedTaskDispatcher with 8 workers.
 -> (artifact id: '00000000000000000000000000000000') in 0.001530 seconds
Import Error Code:(4)
Message: Build asset version error: assets/scripts/cardfunction/power.cs in SourceAssetDB has modification time of '2026-03-08T03:42:55.4589686Z' while content on disk has modification time of '2026-03-08T03:45:34.3359563Z'
  ERROR: Build asset version error: assets/scripts/cardfunction/power.cs in SourceAssetDB has modification time of '2026-03-08T03:42:55.4589686Z' while content on disk has modification time of '2026-03-08T03:45:34.3359563Z'
Number of updated asset objects reloaded before import = 0
Number of asset objects unloaded after import = 0
========================================================================
Received Import Request.
  Time since last request: 0.043070 seconds.
  path: Assets/Scripts/CardFunction/Power.cs
  artifactKey: Guid(2e1494f40ba10ac40a0597db42f98b14) Importer(815301076,1909f56bfc062723c751e8b465ee728b)
Start importing Assets/Scripts/CardFunction/Power.cs using Guid(2e1494f40ba10ac40a0597db42f98b14) Importer(815301076,1909f56bfc062723c751e8b465ee728b) [PhysX] Initialized MultithreadedTaskDispatcher with 8 workers.
 -> (artifact id: '00000000000000000000000000000000') in 0.001626 seconds
Import Error Code:(4)
Message: Build asset version error: assets/scripts/cardfunction/power.cs in SourceAssetDB has modification time of '2026-03-08T03:42:55.4589686Z' while content on disk has modification time of '2026-03-08T03:45:34.3359563Z'
  ERROR: Build asset version error: assets/scripts/cardfunction/power.cs in SourceAssetDB has modification time of '2026-03-08T03:42:55.4589686Z' while content on disk has modification time of '2026-03-08T03:45:34.3359563Z'
Number of updated asset objects reloaded before import = 0
Number of asset objects unloaded after import = 0
========================================================================
Received Import Request.
  Time since last request: 0.018861 seconds.
  path: Assets/Scripts/CardFunction/Power.cs
  artifactKey: Guid(2e1494f40ba10ac40a0597db42f98b14) Importer(815301076,1909f56bfc062723c751e8b465ee728b)
Start importing Assets/Scripts/CardFunction/Power.cs using Guid(2e1494f40ba10ac40a0597db42f98b14) Importer(815301076,1909f56bfc062723c751e8b465ee728b) [PhysX] Initialized MultithreadedTaskDispatcher with 8 workers.
 -> (artifact id: '00000000000000000000000000000000') in 0.002312 seconds
Import Error Code:(4)
Message: Build asset version error: assets/scripts/cardfunction/power.cs in SourceAssetDB has modification time of '2026-03-08T03:42:55.4589686Z' while content on disk has modification time of '2026-03-08T03:45:34.3359563Z'
  ERROR: Build asset version error: assets/scripts/cardfunction/power.cs in SourceAssetDB has modification time of '2026-03-08T03:42:55.4589686Z' while content on disk has modification time of '2026-03-08T03:45:34.3359563Z'
Number of updated asset objects reloaded before import = 0
Number of asset objects unloaded after import = 0
========================================================================
Received Import Request.
  Time since last request: 0.013200 seconds.
  path: Assets/Scripts/CardFunction/Power.cs
  artifactKey: Guid(2e1494f40ba10ac40a0597db42f98b14) Importer(815301076,1909f56bfc062723c751e8b465ee728b)
Start importing Assets/Scripts/CardFunction/Power.cs using Guid(2e1494f40ba10ac40a0597db42f98b14) Importer(815301076,1909f56bfc062723c751e8b465ee728b) [PhysX] Initialized MultithreadedTaskDispatcher with 8 workers.
 -> (artifact id: '00000000000000000000000000000000') in 0.001190 seconds
Import Error Code:(4)
Message: Build asset version error: assets/scripts/cardfunction/power.cs in SourceAssetDB has modification time of '2026-03-08T03:42:55.4589686Z' while content on disk has modification time of '2026-03-08T03:45:34.3359563Z'
  ERROR: Build asset version error: assets/scripts/cardfunction/power.cs in SourceAssetDB has modification time of '2026-03-08T03:42:55.4589686Z' while content on disk has modification time of '2026-03-08T03:45:34.3359563Z'
Number of updated asset objects reloaded before import = 0
Number of asset objects unloaded after import = 0
========================================================================
Received Import Request.
  Time since last request: 0.019399 seconds.
  path: Assets/Scripts/CardFunction/Power.cs
  artifactKey: Guid(2e1494f40ba10ac40a0597db42f98b14) Importer(815301076,1909f56bfc062723c751e8b465ee728b)
Start importing Assets/Scripts/CardFunction/Power.cs using Guid(2e1494f40ba10ac40a0597db42f98b14) Importer(815301076,1909f56bfc062723c751e8b465ee728b) [PhysX] Initialized MultithreadedTaskDispatcher with 8 workers.
 -> (artifact id: '00000000000000000000000000000000') in 0.002445 seconds
Import Error Code:(4)
Message: Build asset version error: assets/scripts/cardfunction/power.cs in SourceAssetDB has modification time of '2026-03-08T03:42:55.4589686Z' while content on disk has modification time of '2026-03-08T03:45:34.3359563Z'
  ERROR: Build asset version error: assets/scripts/cardfunction/power.cs in SourceAssetDB has modification time of '2026-03-08T03:42:55.4589686Z' while content on disk has modification time of '2026-03-08T03:45:34.3359563Z'
Number of updated asset objects reloaded before import = 0
Number of asset objects unloaded after import = 0
========================================================================
Received Import Request.
  Time since last request: 0.019171 seconds.
  path: Assets/Scripts/CardFunction/Power.cs
  artifactKey: Guid(2e1494f40ba10ac40a0597db42f98b14) Importer(815301076,1909f56bfc062723c751e8b465ee728b)
Start importing Assets/Scripts/CardFunction/Power.cs using Guid(2e1494f40ba10ac40a0597db42f98b14) Importer(815301076,1909f56bfc062723c751e8b465ee728b) [PhysX] Initialized MultithreadedTaskDispatcher with 8 workers.
 -> (artifact id: '00000000000000000000000000000000') in 0.001068 seconds
Import Error Code:(4)
Message: Build asset version error: assets/scripts/cardfunction/power.cs in SourceAssetDB has modification time of '2026-03-08T03:42:55.4589686Z' while content on disk has modification time of '2026-03-08T03:45:34.3359563Z'
  ERROR: Build asset version error: assets/scripts/cardfunction/power.cs in SourceAssetDB has modification time of '2026-03-08T03:42:55.4589686Z' while content on disk has modification time of '2026-03-08T03:45:34.3359563Z'
Number of updated asset objects reloaded before import = 0
Number of asset objects unloaded after import = 0
========================================================================
Received Import Request.
  Time since last request: 0.023942 seconds.
  path: Assets/Scripts/CardFunction/Power.cs
  artifactKey: Guid(2e1494f40ba10ac40a0597db42f98b14) Importer(815301076,1909f56bfc062723c751e8b465ee728b)
Start importing Assets/Scripts/CardFunction/Power.cs using Guid(2e1494f40ba10ac40a0597db42f98b14) Importer(815301076,1909f56bfc062723c751e8b465ee728b) [PhysX] Initialized MultithreadedTaskDispatcher with 8 workers.
 -> (artifact id: '00000000000000000000000000000000') in 0.000728 seconds
Import Error Code:(4)
Message: Build asset version error: assets/scripts/cardfunction/power.cs in SourceAssetDB has modification time of '2026-03-08T03:42:55.4589686Z' while content on disk has modification time of '2026-03-08T03:45:34.3359563Z'
  ERROR: Build asset version error: assets/scripts/cardfunction/power.cs in SourceAssetDB has modification time of '2026-03-08T03:42:55.4589686Z' while content on disk has modification time of '2026-03-08T03:45:34.3359563Z'
Number of updated asset objects reloaded before import = 0
Number of asset objects unloaded after import = 0
========================================================================
Received Import Request.
  Time since last request: 0.026043 seconds.
  path: Assets/Scripts/CardFunction/Power.cs
  artifactKey: Guid(2e1494f40ba10ac40a0597db42f98b14) Importer(815301076,1909f56bfc062723c751e8b465ee728b)
Start importing Assets/Scripts/CardFunction/Power.cs using Guid(2e1494f40ba10ac40a0597db42f98b14) Importer(815301076,1909f56bfc062723c751e8b465ee728b) [PhysX] Initialized MultithreadedTaskDispatcher with 8 workers.
 -> (artifact id: '00000000000000000000000000000000') in 0.001608 seconds
Import Error Code:(4)
Message: Build asset version error: assets/scripts/cardfunction/power.cs in SourceAssetDB has modification time of '2026-03-08T03:42:55.4589686Z' while content on disk has modification time of '2026-03-08T03:45:34.3359563Z'
  ERROR: Build asset version error: assets/scripts/cardfunction/power.cs in SourceAssetDB has modification time of '2026-03-08T03:42:55.4589686Z' while content on disk has modification time of '2026-03-08T03:45:34.3359563Z'
Number of updated asset objects reloaded before import = 0
Number of asset objects unloaded after import = 0
========================================================================
Received Import Request.
  Time since last request: 0.021729 seconds.
  path: Assets/Scripts/CardFunction/Power.cs
  artifactKey: Guid(2e1494f40ba10ac40a0597db42f98b14) Importer(815301076,1909f56bfc062723c751e8b465ee728b)
Start importing Assets/Scripts/CardFunction/Power.cs using Guid(2e1494f40ba10ac40a0597db42f98b14) Importer(815301076,1909f56bfc062723c751e8b465ee728b) [PhysX] Initialized MultithreadedTaskDispatcher with 8 workers.
 -> (artifact id: '00000000000000000000000000000000') in 0.001134 seconds
Import Error Code:(4)
Message: Build asset version error: assets/scripts/cardfunction/power.cs in SourceAssetDB has modification time of '2026-03-08T03:42:55.4589686Z' while content on disk has modification time of '2026-03-08T03:45:34.3359563Z'
  ERROR: Build asset version error: assets/scripts/cardfunction/power.cs in SourceAssetDB has modification time of '2026-03-08T03:42:55.4589686Z' while content on disk has modification time of '2026-03-08T03:45:34.3359563Z'
Number of updated asset objects reloaded before import = 0
Number of asset objects unloaded after import = 0
========================================================================
Received Import Request.
  Time since last request: 0.030694 seconds.
  path: Assets/Scripts/CardFunction/Power.cs
  artifactKey: Guid(2e1494f40ba10ac40a0597db42f98b14) Importer(815301076,1909f56bfc062723c751e8b465ee728b)
Start importing Assets/Scripts/CardFunction/Power.cs using Guid(2e1494f40ba10ac40a0597db42f98b14) Importer(815301076,1909f56bfc062723c751e8b465ee728b) [PhysX] Initialized MultithreadedTaskDispatcher with 8 workers.
 -> (artifact id: '00000000000000000000000000000000') in 0.001624 seconds
Import Error Code:(4)
Message: Build asset version error: assets/scripts/cardfunction/power.cs in SourceAssetDB has modification time of '2026-03-08T03:42:55.4589686Z' while content on disk has modification time of '2026-03-08T03:45:34.3359563Z'
  ERROR: Build asset version error: assets/scripts/cardfunction/power.cs in SourceAssetDB has modification time of '2026-03-08T03:42:55.4589686Z' while content on disk has modification time of '2026-03-08T03:45:34.3359563Z'
Number of updated asset objects reloaded before import = 0
Number of asset objects unloaded after import = 0
========================================================================
Received Import Request.
  Time since last request: 0.012065 seconds.
  path: Assets/Scripts/CardFunction/Power.cs
  artifactKey: Guid(2e1494f40ba10ac40a0597db42f98b14) Importer(815301076,1909f56bfc062723c751e8b465ee728b)
Start importing Assets/Scripts/CardFunction/Power.cs using Guid(2e1494f40ba10ac40a0597db42f98b14) Importer(815301076,1909f56bfc062723c751e8b465ee728b) [PhysX] Initialized MultithreadedTaskDispatcher with 8 workers.
 -> (artifact id: '00000000000000000000000000000000') in 0.000823 seconds
Import Error Code:(4)
Message: Build asset version error: assets/scripts/cardfunction/power.cs in SourceAssetDB has modification time of '2026-03-08T03:42:55.4589686Z' while content on disk has modification time of '2026-03-08T03:45:34.3359563Z'
  ERROR: Build asset version error: assets/scripts/cardfunction/power.cs in SourceAssetDB has modification time of '2026-03-08T03:42:55.4589686Z' while content on disk has modification time of '2026-03-08T03:45:34.3359563Z'
Number of updated asset objects reloaded before import = 0
Number of asset objects unloaded after import = 0
========================================================================
Received Import Request.
  Time since last request: 0.021127 seconds.
  path: Assets/Scripts/CardFunction/Power.cs
  artifactKey: Guid(2e1494f40ba10ac40a0597db42f98b14) Importer(815301076,1909f56bfc062723c751e8b465ee728b)
Start importing Assets/Scripts/CardFunction/Power.cs using Guid(2e1494f40ba10ac40a0597db42f98b14) Importer(815301076,1909f56bfc062723c751e8b465ee728b) [PhysX] Initialized MultithreadedTaskDispatcher with 8 workers.
 -> (artifact id: '00000000000000000000000000000000') in 0.000842 seconds
Import Error Code:(4)
Message: Build asset version error: assets/scripts/cardfunction/power.cs in SourceAssetDB has modification time of '2026-03-08T03:42:55.4589686Z' while content on disk has modification time of '2026-03-08T03:45:34.3359563Z'
  ERROR: Build asset version error: assets/scripts/cardfunction/power.cs in SourceAssetDB has modification time of '2026-03-08T03:42:55.4589686Z' while content on disk has modification time of '2026-03-08T03:45:34.3359563Z'
Number of updated asset objects reloaded before import = 0
Number of asset objects unloaded after import = 0
========================================================================
Received Import Request.
  Time since last request: 0.025976 seconds.
  path: Assets/Scripts/CardFunction/Power.cs
  artifactKey: Guid(2e1494f40ba10ac40a0597db42f98b14) Importer(815301076,1909f56bfc062723c751e8b465ee728b)
Start importing Assets/Scripts/CardFunction/Power.cs using Guid(2e1494f40ba10ac40a0597db42f98b14) Importer(815301076,1909f56bfc062723c751e8b465ee728b) [PhysX] Initialized MultithreadedTaskDispatcher with 8 workers.
 -> (artifact id: '00000000000000000000000000000000') in 0.001324 seconds
Import Error Code:(4)
Message: Build asset version error: assets/scripts/cardfunction/power.cs in SourceAssetDB has modification time of '2026-03-08T03:42:55.4589686Z' while content on disk has modification time of '2026-03-08T03:45:34.3359563Z'
  ERROR: Build asset version error: assets/scripts/cardfunction/power.cs in SourceAssetDB has modification time of '2026-03-08T03:42:55.4589686Z' while content on disk has modification time of '2026-03-08T03:45:34.3359563Z'
Number of updated asset objects reloaded before import = 0
Number of asset objects unloaded after import = 0
========================================================================
Received Import Request.
  Time since last request: 0.024322 seconds.
  path: Assets/Scripts/CardFunction/Power.cs
  artifactKey: Guid(2e1494f40ba10ac40a0597db42f98b14) Importer(815301076,1909f56bfc062723c751e8b465ee728b)
Start importing Assets/Scripts/CardFunction/Power.cs using Guid(2e1494f40ba10ac40a0597db42f98b14) Importer(815301076,1909f56bfc062723c751e8b465ee728b) [PhysX] Initialized MultithreadedTaskDispatcher with 8 workers.
 -> (artifact id: '00000000000000000000000000000000') in 0.002206 seconds
Import Error Code:(4)
Message: Build asset version error: assets/scripts/cardfunction/power.cs in SourceAssetDB has modification time of '2026-03-08T03:42:55.4589686Z' while content on disk has modification time of '2026-03-08T03:45:34.3359563Z'
  ERROR: Build asset version error: assets/scripts/cardfunction/power.cs in SourceAssetDB has modification time of '2026-03-08T03:42:55.4589686Z' while content on disk has modification time of '2026-03-08T03:45:34.3359563Z'
Number of updated asset objects reloaded before import = 0
Number of asset objects unloaded after import = 0
========================================================================
Received Import Request.
  Time since last request: 0.024168 seconds.
  path: Assets/Scripts/CardFunction/Power.cs
  artifactKey: Guid(2e1494f40ba10ac40a0597db42f98b14) Importer(815301076,1909f56bfc062723c751e8b465ee728b)
Start importing Assets/Scripts/CardFunction/Power.cs using Guid(2e1494f40ba10ac40a0597db42f98b14) Importer(815301076,1909f56bfc062723c751e8b465ee728b) [PhysX] Initialized MultithreadedTaskDispatcher with 8 workers.
 -> (artifact id: '00000000000000000000000000000000') in 0.000831 seconds
Import Error Code:(4)
Message: Build asset version error: assets/scripts/cardfunction/power.cs in SourceAssetDB has modification time of '2026-03-08T03:42:55.4589686Z' while content on disk has modification time of '2026-03-08T03:45:34.3359563Z'
  ERROR: Build asset version error: assets/scripts/cardfunction/power.cs in SourceAssetDB has modification time of '2026-03-08T03:42:55.4589686Z' while content on disk has modification time of '2026-03-08T03:45:34.3359563Z'
Number of updated asset objects reloaded before import = 0
Number of asset objects unloaded after import = 0
========================================================================
Received Import Request.
  Time since last request: 0.026134 seconds.
  path: Assets/Scripts/CardFunction/Power.cs
  artifactKey: Guid(2e1494f40ba10ac40a0597db42f98b14) Importer(815301076,1909f56bfc062723c751e8b465ee728b)
Start importing Assets/Scripts/CardFunction/Power.cs using Guid(2e1494f40ba10ac40a0597db42f98b14) Importer(815301076,1909f56bfc062723c751e8b465ee728b) [PhysX] Initialized MultithreadedTaskDispatcher with 8 workers.
 -> (artifact id: '00000000000000000000000000000000') in 0.001409 seconds
Import Error Code:(4)
Message: Build asset version error: assets/scripts/cardfunction/power.cs in SourceAssetDB has modification time of '2026-03-08T03:42:55.4589686Z' while content on disk has modification time of '2026-03-08T03:45:34.3359563Z'
  ERROR: Build asset version error: assets/scripts/cardfunction/power.cs in SourceAssetDB has modification time of '2026-03-08T03:42:55.4589686Z' while content on disk has modification time of '2026-03-08T03:45:34.3359563Z'
Number of updated asset objects reloaded before import = 0
Number of asset objects unloaded after import = 0
========================================================================
Received Import Request.
  Time since last request: 0.020894 seconds.
  path: Assets/Scripts/CardFunction/Power.cs
  artifactKey: Guid(2e1494f40ba10ac40a0597db42f98b14) Importer(815301076,1909f56bfc062723c751e8b465ee728b)
Start importing Assets/Scripts/CardFunction/Power.cs using Guid(2e1494f40ba10ac40a0597db42f98b14) Importer(815301076,1909f56bfc062723c751e8b465ee728b) [PhysX] Initialized MultithreadedTaskDispatcher with 8 workers.
 -> (artifact id: '00000000000000000000000000000000') in 0.001204 seconds
Import Error Code:(4)
Message: Build asset version error: assets/scripts/cardfunction/power.cs in SourceAssetDB has modification time of '2026-03-08T03:42:55.4589686Z' while content on disk has modification time of '2026-03-08T03:45:34.3359563Z'
  ERROR: Build asset version error: assets/scripts/cardfunction/power.cs in SourceAssetDB has modification time of '2026-03-08T03:42:55.4589686Z' while content on disk has modification time of '2026-03-08T03:45:34.3359563Z'
Number of updated asset objects reloaded before import = 0
Number of asset objects unloaded after import = 0
========================================================================
Received Import Request.
  Time since last request: 0.019866 seconds.
  path: Assets/Scripts/CardFunction/Power.cs
  artifactKey: Guid(2e1494f40ba10ac40a0597db42f98b14) Importer(815301076,1909f56bfc062723c751e8b465ee728b)
Start importing Assets/Scripts/CardFunction/Power.cs using Guid(2e1494f40ba10ac40a0597db42f98b14) Importer(815301076,1909f56bfc062723c751e8b465ee728b) [PhysX] Initialized MultithreadedTaskDispatcher with 8 workers.
 -> (artifact id: '00000000000000000000000000000000') in 0.000709 seconds
Import Error Code:(4)
Message: Build asset version error: assets/scripts/cardfunction/power.cs in SourceAssetDB has modification time of '2026-03-08T03:42:55.4589686Z' while content on disk has modification time of '2026-03-08T03:45:34.3359563Z'
  ERROR: Build asset version error: assets/scripts/cardfunction/power.cs in SourceAssetDB has modification time of '2026-03-08T03:42:55.4589686Z' while content on disk has modification time of '2026-03-08T03:45:34.3359563Z'
Number of updated asset objects reloaded before import = 0
Number of asset objects unloaded after import = 0
========================================================================
Received Import Request.
  Time since last request: 0.021314 seconds.
  path: Assets/Scripts/CardFunction/Power.cs
  artifactKey: Guid(2e1494f40ba10ac40a0597db42f98b14) Importer(815301076,1909f56bfc062723c751e8b465ee728b)
Start importing Assets/Scripts/CardFunction/Power.cs using Guid(2e1494f40ba10ac40a0597db42f98b14) Importer(815301076,1909f56bfc062723c751e8b465ee728b) [PhysX] Initialized MultithreadedTaskDispatcher with 8 workers.
 -> (artifact id: '00000000000000000000000000000000') in 0.001239 seconds
Import Error Code:(4)
Message: Build asset version error: assets/scripts/cardfunction/power.cs in SourceAssetDB has modification time of '2026-03-08T03:42:55.4589686Z' while content on disk has modification time of '2026-03-08T03:45:34.3359563Z'
  ERROR: Build asset version error: assets/scripts/cardfunction/power.cs in SourceAssetDB has modification time of '2026-03-08T03:42:55.4589686Z' while content on disk has modification time of '2026-03-08T03:45:34.3359563Z'
Number of updated asset objects reloaded before import = 0
Number of asset objects unloaded after import = 0
========================================================================
Received Import Request.
  Time since last request: 0.021127 seconds.
  path: Assets/Scripts/CardFunction/Power.cs
  artifactKey: Guid(2e1494f40ba10ac40a0597db42f98b14) Importer(815301076,1909f56bfc062723c751e8b465ee728b)
Start importing Assets/Scripts/CardFunction/Power.cs using Guid(2e1494f40ba10ac40a0597db42f98b14) Importer(815301076,1909f56bfc062723c751e8b465ee728b) [PhysX] Initialized MultithreadedTaskDispatcher with 8 workers.
 -> (artifact id: '00000000000000000000000000000000') in 0.001195 seconds
Import Error Code:(4)
Message: Build asset version error: assets/scripts/cardfunction/power.cs in SourceAssetDB has modification time of '2026-03-08T03:42:55.4589686Z' while content on disk has modification time of '2026-03-08T03:45:34.3359563Z'
  ERROR: Build asset version error: assets/scripts/cardfunction/power.cs in SourceAssetDB has modification time of '2026-03-08T03:42:55.4589686Z' while content on disk has modification time of '2026-03-08T03:45:34.3359563Z'
Number of updated asset objects reloaded before import = 0
Number of asset objects unloaded after import = 0
========================================================================
Received Import Request.
  Time since last request: 0.023434 seconds.
  path: Assets/Scripts/CardFunction/Power.cs
  artifactKey: Guid(2e1494f40ba10ac40a0597db42f98b14) Importer(815301076,1909f56bfc062723c751e8b465ee728b)
Start importing Assets/Scripts/CardFunction/Power.cs using Guid(2e1494f40ba10ac40a0597db42f98b14) Importer(815301076,1909f56bfc062723c751e8b465ee728b) [PhysX] Initialized MultithreadedTaskDispatcher with 8 workers.
 -> (artifact id: '00000000000000000000000000000000') in 0.001286 seconds
Import Error Code:(4)
Message: Build asset version error: assets/scripts/cardfunction/power.cs in SourceAssetDB has modification time of '2026-03-08T03:42:55.4589686Z' while content on disk has modification time of '2026-03-08T03:45:34.3359563Z'
  ERROR: Build asset version error: assets/scripts/cardfunction/power.cs in SourceAssetDB has modification time of '2026-03-08T03:42:55.4589686Z' while content on disk has modification time of '2026-03-08T03:45:34.3359563Z'
Number of updated asset objects reloaded before import = 0
Number of asset objects unloaded after import = 0
========================================================================
Received Import Request.
  Time since last request: 0.021279 seconds.
  path: Assets/Scripts/CardFunction/Power.cs
  artifactKey: Guid(2e1494f40ba10ac40a0597db42f98b14) Importer(815301076,1909f56bfc062723c751e8b465ee728b)
Start importing Assets/Scripts/CardFunction/Power.cs using Guid(2e1494f40ba10ac40a0597db42f98b14) Importer(815301076,1909f56bfc062723c751e8b465ee728b) [PhysX] Initialized MultithreadedTaskDispatcher with 8 workers.
 -> (artifact id: '00000000000000000000000000000000') in 0.001345 seconds
Import Error Code:(4)
Message: Build asset version error: assets/scripts/cardfunction/power.cs in SourceAssetDB has modification time of '2026-03-08T03:42:55.4589686Z' while content on disk has modification time of '2026-03-08T03:45:34.3359563Z'
  ERROR: Build asset version error: assets/scripts/cardfunction/power.cs in SourceAssetDB has modification time of '2026-03-08T03:42:55.4589686Z' while content on disk has modification time of '2026-03-08T03:45:34.3359563Z'
Number of updated asset objects reloaded before import = 0
Number of asset objects unloaded after import = 0
========================================================================
Received Import Request.
  Time since last request: 0.021921 seconds.
  path: Assets/Scripts/CardFunction/Power.cs
  artifactKey: Guid(2e1494f40ba10ac40a0597db42f98b14) Importer(815301076,1909f56bfc062723c751e8b465ee728b)
Start importing Assets/Scripts/CardFunction/Power.cs using Guid(2e1494f40ba10ac40a0597db42f98b14) Importer(815301076,1909f56bfc062723c751e8b465ee728b) [PhysX] Initialized MultithreadedTaskDispatcher with 8 workers.
 -> (artifact id: '00000000000000000000000000000000') in 0.000861 seconds
Import Error Code:(4)
Message: Build asset version error: assets/scripts/cardfunction/power.cs in SourceAssetDB has modification time of '2026-03-08T03:42:55.4589686Z' while content on disk has modification time of '2026-03-08T03:45:34.3359563Z'
  ERROR: Build asset version error: assets/scripts/cardfunction/power.cs in SourceAssetDB has modification time of '2026-03-08T03:42:55.4589686Z' while content on disk has modification time of '2026-03-08T03:45:34.3359563Z'
Number of updated asset objects reloaded before import = 0
Number of asset objects unloaded after import = 0
========================================================================
Received Import Request.
  Time since last request: 0.018886 seconds.
  path: Assets/Scripts/CardFunction/Power.cs
  artifactKey: Guid(2e1494f40ba10ac40a0597db42f98b14) Importer(815301076,1909f56bfc062723c751e8b465ee728b)
Start importing Assets/Scripts/CardFunction/Power.cs using Guid(2e1494f40ba10ac40a0597db42f98b14) Importer(815301076,1909f56bfc062723c751e8b465ee728b) [PhysX] Initialized MultithreadedTaskDispatcher with 8 workers.
 -> (artifact id: '00000000000000000000000000000000') in 0.000685 seconds
Import Error Code:(4)
Message: Build asset version error: assets/scripts/cardfunction/power.cs in SourceAssetDB has modification time of '2026-03-08T03:42:55.4589686Z' while content on disk has modification time of '2026-03-08T03:45:34.3359563Z'
  ERROR: Build asset version error: assets/scripts/cardfunction/power.cs in SourceAssetDB has modification time of '2026-03-08T03:42:55.4589686Z' while content on disk has modification time of '2026-03-08T03:45:34.3359563Z'
Number of updated asset objects reloaded before import = 0
Number of asset objects unloaded after import = 0
========================================================================
Received Import Request.
  Time since last request: 0.022107 seconds.
  path: Assets/Scripts/CardFunction/Power.cs
  artifactKey: Guid(2e1494f40ba10ac40a0597db42f98b14) Importer(815301076,1909f56bfc062723c751e8b465ee728b)
Start importing Assets/Scripts/CardFunction/Power.cs using Guid(2e1494f40ba10ac40a0597db42f98b14) Importer(815301076,1909f56bfc062723c751e8b465ee728b) [PhysX] Initialized MultithreadedTaskDispatcher with 8 workers.
 -> (artifact id: '00000000000000000000000000000000') in 0.000858 seconds
Import Error Code:(4)
Message: Build asset version error: assets/scripts/cardfunction/power.cs in SourceAssetDB has modification time of '2026-03-08T03:42:55.4589686Z' while content on disk has modification time of '2026-03-08T03:45:34.3359563Z'
  ERROR: Build asset version error: assets/scripts/cardfunction/power.cs in SourceAssetDB has modification time of '2026-03-08T03:42:55.4589686Z' while content on disk has modification time of '2026-03-08T03:45:34.3359563Z'
Number of updated asset objects reloaded before import = 0
Number of asset objects unloaded after import = 0
========================================================================
Received Import Request.
  Time since last request: 0.025915 seconds.
  path: Assets/Scripts/CardFunction/Power.cs
  artifactKey: Guid(2e1494f40ba10ac40a0597db42f98b14) Importer(815301076,1909f56bfc062723c751e8b465ee728b)
Start importing Assets/Scripts/CardFunction/Power.cs using Guid(2e1494f40ba10ac40a0597db42f98b14) Importer(815301076,1909f56bfc062723c751e8b465ee728b) [PhysX] Initialized MultithreadedTaskDispatcher with 8 workers.
 -> (artifact id: '00000000000000000000000000000000') in 0.001224 seconds
Import Error Code:(4)
Message: Build asset version error: assets/scripts/cardfunction/power.cs in SourceAssetDB has modification time of '2026-03-08T03:42:55.4589686Z' while content on disk has modification time of '2026-03-08T03:45:34.3359563Z'
  ERROR: Build asset version error: assets/scripts/cardfunction/power.cs in SourceAssetDB has modification time of '2026-03-08T03:42:55.4589686Z' while content on disk has modification time of '2026-03-08T03:45:34.3359563Z'
Number of updated asset objects reloaded before import = 0
Number of asset objects unloaded after import = 0
========================================================================
Received Import Request.
  Time since last request: 0.024719 seconds.
  path: Assets/Scripts/CardFunction/Power.cs
  artifactKey: Guid(2e1494f40ba10ac40a0597db42f98b14) Importer(815301076,1909f56bfc062723c751e8b465ee728b)
Start importing Assets/Scripts/CardFunction/Power.cs using Guid(2e1494f40ba10ac40a0597db42f98b14) Importer(815301076,1909f56bfc062723c751e8b465ee728b) [PhysX] Initialized MultithreadedTaskDispatcher with 8 workers.
 -> (artifact id: '00000000000000000000000000000000') in 0.001728 seconds
Import Error Code:(4)
Message: Build asset version error: assets/scripts/cardfunction/power.cs in SourceAssetDB has modification time of '2026-03-08T03:42:55.4589686Z' while content on disk has modification time of '2026-03-08T03:45:34.3359563Z'
  ERROR: Build asset version error: assets/scripts/cardfunction/power.cs in SourceAssetDB has modification time of '2026-03-08T03:42:55.4589686Z' while content on disk has modification time of '2026-03-08T03:45:34.3359563Z'
Number of updated asset objects reloaded before import = 0
Number of asset objects unloaded after import = 0
========================================================================
Received Import Request.
  Time since last request: 0.021881 seconds.
  path: Assets/Scripts/CardFunction/Power.cs
  artifactKey: Guid(2e1494f40ba10ac40a0597db42f98b14) Importer(815301076,1909f56bfc062723c751e8b465ee728b)
Start importing Assets/Scripts/CardFunction/Power.cs using Guid(2e1494f40ba10ac40a0597db42f98b14) Importer(815301076,1909f56bfc062723c751e8b465ee728b) [PhysX] Initialized MultithreadedTaskDispatcher with 8 workers.
 -> (artifact id: '00000000000000000000000000000000') in 0.001512 seconds
Import Error Code:(4)
Message: Build asset version error: assets/scripts/cardfunction/power.cs in SourceAssetDB has modification time of '2026-03-08T03:42:55.4589686Z' while content on disk has modification time of '2026-03-08T03:45:34.3359563Z'
  ERROR: Build asset version error: assets/scripts/cardfunction/power.cs in SourceAssetDB has modification time of '2026-03-08T03:42:55.4589686Z' while content on disk has modification time of '2026-03-08T03:45:34.3359563Z'
Number of updated asset objects reloaded before import = 0
Number of asset objects unloaded after import = 0
========================================================================
Received Import Request.
  Time since last request: 0.020581 seconds.
  path: Assets/Scripts/CardFunction/Power.cs
  artifactKey: Guid(2e1494f40ba10ac40a0597db42f98b14) Importer(815301076,1909f56bfc062723c751e8b465ee728b)
Start importing Assets/Scripts/CardFunction/Power.cs using Guid(2e1494f40ba10ac40a0597db42f98b14) Importer(815301076,1909f56bfc062723c751e8b465ee728b) [PhysX] Initialized MultithreadedTaskDispatcher with 8 workers.
 -> (artifact id: '00000000000000000000000000000000') in 0.001340 seconds
Import Error Code:(4)
Message: Build asset version error: assets/scripts/cardfunction/power.cs in SourceAssetDB has modification time of '2026-03-08T03:42:55.4589686Z' while content on disk has modification time of '2026-03-08T03:45:34.3359563Z'
  ERROR: Build asset version error: assets/scripts/cardfunction/power.cs in SourceAssetDB has modification time of '2026-03-08T03:42:55.4589686Z' while content on disk has modification time of '2026-03-08T03:45:34.3359563Z'
Number of updated asset objects reloaded before import = 0
Number of asset objects unloaded after import = 0
========================================================================
Received Import Request.
  Time since last request: 0.029080 seconds.
  path: Assets/Scripts/CardFunction/Power.cs
  artifactKey: Guid(2e1494f40ba10ac40a0597db42f98b14) Importer(815301076,1909f56bfc062723c751e8b465ee728b)
Start importing Assets/Scripts/CardFunction/Power.cs using Guid(2e1494f40ba10ac40a0597db42f98b14) Importer(815301076,1909f56bfc062723c751e8b465ee728b) [PhysX] Initialized MultithreadedTaskDispatcher with 8 workers.
 -> (artifact id: '00000000000000000000000000000000') in 0.001513 seconds
Import Error Code:(4)
Message: Build asset version error: assets/scripts/cardfunction/power.cs in SourceAssetDB has modification time of '2026-03-08T03:42:55.4589686Z' while content on disk has modification time of '2026-03-08T03:45:34.3359563Z'
  ERROR: Build asset version error: assets/scripts/cardfunction/power.cs in SourceAssetDB has modification time of '2026-03-08T03:42:55.4589686Z' while content on disk has modification time of '2026-03-08T03:45:34.3359563Z'
Number of updated asset objects reloaded before import = 0
Number of asset objects unloaded after import = 0
========================================================================
Received Import Request.
  Time since last request: 0.013005 seconds.
  path: Assets/Scripts/CardFunction/Power.cs
  artifactKey: Guid(2e1494f40ba10ac40a0597db42f98b14) Importer(815301076,1909f56bfc062723c751e8b465ee728b)
Start importing Assets/Scripts/CardFunction/Power.cs using Guid(2e1494f40ba10ac40a0597db42f98b14) Importer(815301076,1909f56bfc062723c751e8b465ee728b) [PhysX] Initialized MultithreadedTaskDispatcher with 8 workers.
 -> (artifact id: '00000000000000000000000000000000') in 0.000704 seconds
Import Error Code:(4)
Message: Build asset version error: assets/scripts/cardfunction/power.cs in SourceAssetDB has modification time of '2026-03-08T03:42:55.4589686Z' while content on disk has modification time of '2026-03-08T03:45:34.3359563Z'
  ERROR: Build asset version error: assets/scripts/cardfunction/power.cs in SourceAssetDB has modification time of '2026-03-08T03:42:55.4589686Z' while content on disk has modification time of '2026-03-08T03:45:34.3359563Z'
Number of updated asset objects reloaded before import = 0
Number of asset objects unloaded after import = 0
========================================================================
Received Import Request.
  Time since last request: 0.022591 seconds.
  path: Assets/Scripts/CardFunction/Power.cs
  artifactKey: Guid(2e1494f40ba10ac40a0597db42f98b14) Importer(815301076,1909f56bfc062723c751e8b465ee728b)
Start importing Assets/Scripts/CardFunction/Power.cs using Guid(2e1494f40ba10ac40a0597db42f98b14) Importer(815301076,1909f56bfc062723c751e8b465ee728b) [PhysX] Initialized MultithreadedTaskDispatcher with 8 workers.
 -> (artifact id: '00000000000000000000000000000000') in 0.001533 seconds
Import Error Code:(4)
Message: Build asset version error: assets/scripts/cardfunction/power.cs in SourceAssetDB has modification time of '2026-03-08T03:42:55.4589686Z' while content on disk has modification time of '2026-03-08T03:45:34.3359563Z'
  ERROR: Build asset version error: assets/scripts/cardfunction/power.cs in SourceAssetDB has modification time of '2026-03-08T03:42:55.4589686Z' while content on disk has modification time of '2026-03-08T03:45:34.3359563Z'
Number of updated asset objects reloaded before import = 0
Number of asset objects unloaded after import = 0
========================================================================
Received Import Request.
  Time since last request: 0.017973 seconds.
  path: Assets/Scripts/CardFunction/Power.cs
  artifactKey: Guid(2e1494f40ba10ac40a0597db42f98b14) Importer(815301076,1909f56bfc062723c751e8b465ee728b)
Start importing Assets/Scripts/CardFunction/Power.cs using Guid(2e1494f40ba10ac40a0597db42f98b14) Importer(815301076,1909f56bfc062723c751e8b465ee728b) [PhysX] Initialized MultithreadedTaskDispatcher with 8 workers.
 -> (artifact id: '00000000000000000000000000000000') in 0.001367 seconds
Import Error Code:(4)
Message: Build asset version error: assets/scripts/cardfunction/power.cs in SourceAssetDB has modification time of '2026-03-08T03:42:55.4589686Z' while content on disk has modification time of '2026-03-08T03:45:34.3359563Z'
  ERROR: Build asset version error: assets/scripts/cardfunction/power.cs in SourceAssetDB has modification time of '2026-03-08T03:42:55.4589686Z' while content on disk has modification time of '2026-03-08T03:45:34.3359563Z'
Number of updated asset objects reloaded before import = 0
Number of asset objects unloaded after import = 0
========================================================================
Received Import Request.
  Time since last request: 0.020510 seconds.
  path: Assets/Scripts/CardFunction/Power.cs
  artifactKey: Guid(2e1494f40ba10ac40a0597db42f98b14) Importer(815301076,1909f56bfc062723c751e8b465ee728b)
Start importing Assets/Scripts/CardFunction/Power.cs using Guid(2e1494f40ba10ac40a0597db42f98b14) Importer(815301076,1909f56bfc062723c751e8b465ee728b) [PhysX] Initialized MultithreadedTaskDispatcher with 8 workers.
 -> (artifact id: '00000000000000000000000000000000') in 0.001616 seconds
Import Error Code:(4)
Message: Build asset version error: assets/scripts/cardfunction/power.cs in SourceAssetDB has modification time of '2026-03-08T03:42:55.4589686Z' while content on disk has modification time of '2026-03-08T03:45:34.3359563Z'
  ERROR: Build asset version error: assets/scripts/cardfunction/power.cs in SourceAssetDB has modification time of '2026-03-08T03:42:55.4589686Z' while content on disk has modification time of '2026-03-08T03:45:34.3359563Z'
Number of updated asset objects reloaded before import = 0
Number of asset objects unloaded after import = 0
========================================================================
Received Import Request.
  Time since last request: 0.023208 seconds.
  path: Assets/Scripts/CardFunction/Power.cs
  artifactKey: Guid(2e1494f40ba10ac40a0597db42f98b14) Importer(815301076,1909f56bfc062723c751e8b465ee728b)
Start importing Assets/Scripts/CardFunction/Power.cs using Guid(2e1494f40ba10ac40a0597db42f98b14) Importer(815301076,1909f56bfc062723c751e8b465ee728b) [PhysX] Initialized MultithreadedTaskDispatcher with 8 workers.
 -> (artifact id: '00000000000000000000000000000000') in 0.000920 seconds
Import Error Code:(4)
Message: Build asset version error: assets/scripts/cardfunction/power.cs in SourceAssetDB has modification time of '2026-03-08T03:42:55.4589686Z' while content on disk has modification time of '2026-03-08T03:45:34.3359563Z'
  ERROR: Build asset version error: assets/scripts/cardfunction/power.cs in SourceAssetDB has modification time of '2026-03-08T03:42:55.4589686Z' while content on disk has modification time of '2026-03-08T03:45:34.3359563Z'
Number of updated asset objects reloaded before import = 0
Number of asset objects unloaded after import = 0
========================================================================
Received Import Request.
  Time since last request: 0.027915 seconds.
  path: Assets/Scripts/CardFunction/Power.cs
  artifactKey: Guid(2e1494f40ba10ac40a0597db42f98b14) Importer(815301076,1909f56bfc062723c751e8b465ee728b)
Start importing Assets/Scripts/CardFunction/Power.cs using Guid(2e1494f40ba10ac40a0597db42f98b14) Importer(815301076,1909f56bfc062723c751e8b465ee728b) [PhysX] Initialized MultithreadedTaskDispatcher with 8 workers.
 -> (artifact id: '00000000000000000000000000000000') in 0.002760 seconds
Import Error Code:(4)
Message: Build asset version error: assets/scripts/cardfunction/power.cs in SourceAssetDB has modification time of '2026-03-08T03:42:55.4589686Z' while content on disk has modification time of '2026-03-08T03:45:34.3359563Z'
  ERROR: Build asset version error: assets/scripts/cardfunction/power.cs in SourceAssetDB has modification time of '2026-03-08T03:42:55.4589686Z' while content on disk has modification time of '2026-03-08T03:45:34.3359563Z'
Number of updated asset objects reloaded before import = 0
Number of asset objects unloaded after import = 0
========================================================================
Received Import Request.
  Time since last request: 0.027997 seconds.
  path: Assets/Scripts/CardFunction/Power.cs
  artifactKey: Guid(2e1494f40ba10ac40a0597db42f98b14) Importer(815301076,1909f56bfc062723c751e8b465ee728b)
Start importing Assets/Scripts/CardFunction/Power.cs using Guid(2e1494f40ba10ac40a0597db42f98b14) Importer(815301076,1909f56bfc062723c751e8b465ee728b) [PhysX] Initialized MultithreadedTaskDispatcher with 8 workers.
 -> (artifact id: '00000000000000000000000000000000') in 0.001274 seconds
Import Error Code:(4)
Message: Build asset version error: assets/scripts/cardfunction/power.cs in SourceAssetDB has modification time of '2026-03-08T03:42:55.4589686Z' while content on disk has modification time of '2026-03-08T03:45:34.3359563Z'
  ERROR: Build asset version error: assets/scripts/cardfunction/power.cs in SourceAssetDB has modification time of '2026-03-08T03:42:55.4589686Z' while content on disk has modification time of '2026-03-08T03:45:34.3359563Z'
Number of updated asset objects reloaded before import = 0
Number of asset objects unloaded after import = 0
========================================================================
Received Import Request.
  Time since last request: 0.024141 seconds.
  path: Assets/Scripts/CardFunction/Power.cs
  artifactKey: Guid(2e1494f40ba10ac40a0597db42f98b14) Importer(815301076,1909f56bfc062723c751e8b465ee728b)
Start importing Assets/Scripts/CardFunction/Power.cs using Guid(2e1494f40ba10ac40a0597db42f98b14) Importer(815301076,1909f56bfc062723c751e8b465ee728b) [PhysX] Initialized MultithreadedTaskDispatcher with 8 workers.
 -> (artifact id: '00000000000000000000000000000000') in 0.002178 seconds
Import Error Code:(4)
Message: Build asset version error: assets/scripts/cardfunction/power.cs in SourceAssetDB has modification time of '2026-03-08T03:42:55.4589686Z' while content on disk has modification time of '2026-03-08T03:45:34.3359563Z'
  ERROR: Build asset version error: assets/scripts/cardfunction/power.cs in SourceAssetDB has modification time of '2026-03-08T03:42:55.4589686Z' while content on disk has modification time of '2026-03-08T03:45:34.3359563Z'
Number of updated asset objects reloaded before import = 0
Number of asset objects unloaded after import = 0
========================================================================
Received Import Request.
  Time since last request: 0.015488 seconds.
  path: Assets/Scripts/CardFunction/Power.cs
  artifactKey: Guid(2e1494f40ba10ac40a0597db42f98b14) Importer(815301076,1909f56bfc062723c751e8b465ee728b)
Start importing Assets/Scripts/CardFunction/Power.cs using Guid(2e1494f40ba10ac40a0597db42f98b14) Importer(815301076,1909f56bfc062723c751e8b465ee728b) [PhysX] Initialized MultithreadedTaskDispatcher with 8 workers.
 -> (artifact id: '00000000000000000000000000000000') in 0.000914 seconds
Import Error Code:(4)
Message: Build asset version error: assets/scripts/cardfunction/power.cs in SourceAssetDB has modification time of '2026-03-08T03:42:55.4589686Z' while content on disk has modification time of '2026-03-08T03:45:34.3359563Z'
  ERROR: Build asset version error: assets/scripts/cardfunction/power.cs in SourceAssetDB has modification time of '2026-03-08T03:42:55.4589686Z' while content on disk has modification time of '2026-03-08T03:45:34.3359563Z'
Number of updated asset objects reloaded before import = 0
Number of asset objects unloaded after import = 0
========================================================================
Received Import Request.
  Time since last request: 0.023916 seconds.
  path: Assets/Scripts/CardFunction/Power.cs
  artifactKey: Guid(2e1494f40ba10ac40a0597db42f98b14) Importer(815301076,1909f56bfc062723c751e8b465ee728b)
Start importing Assets/Scripts/CardFunction/Power.cs using Guid(2e1494f40ba10ac40a0597db42f98b14) Importer(815301076,1909f56bfc062723c751e8b465ee728b) [PhysX] Initialized MultithreadedTaskDispatcher with 8 workers.
 -> (artifact id: '00000000000000000000000000000000') in 0.000724 seconds
Import Error Code:(4)
Message: Build asset version error: assets/scripts/cardfunction/power.cs in SourceAssetDB has modification time of '2026-03-08T03:42:55.4589686Z' while content on disk has modification time of '2026-03-08T03:45:34.3359563Z'
  ERROR: Build asset version error: assets/scripts/cardfunction/power.cs in SourceAssetDB has modification time of '2026-03-08T03:42:55.4589686Z' while content on disk has modification time of '2026-03-08T03:45:34.3359563Z'
Number of updated asset objects reloaded before import = 0
Number of asset objects unloaded after import = 0
========================================================================
Received Import Request.
  Time since last request: 0.022521 seconds.
  path: Assets/Scripts/CardFunction/Power.cs
  artifactKey: Guid(2e1494f40ba10ac40a0597db42f98b14) Importer(815301076,1909f56bfc062723c751e8b465ee728b)
Start importing Assets/Scripts/CardFunction/Power.cs using Guid(2e1494f40ba10ac40a0597db42f98b14) Importer(815301076,1909f56bfc062723c751e8b465ee728b) [PhysX] Initialized MultithreadedTaskDispatcher with 8 workers.
 -> (artifact id: '00000000000000000000000000000000') in 0.000866 seconds
Import Error Code:(4)
Message: Build asset version error: assets/scripts/cardfunction/power.cs in SourceAssetDB has modification time of '2026-03-08T03:42:55.4589686Z' while content on disk has modification time of '2026-03-08T03:45:34.3359563Z'
  ERROR: Build asset version error: assets/scripts/cardfunction/power.cs in SourceAssetDB has modification time of '2026-03-08T03:42:55.4589686Z' while content on disk has modification time of '2026-03-08T03:45:34.3359563Z'
Number of updated asset objects reloaded before import = 0
Number of asset objects unloaded after import = 0
========================================================================
Received Import Request.
  Time since last request: 0.024170 seconds.
  path: Assets/Scripts/CardFunction/Power.cs
  artifactKey: Guid(2e1494f40ba10ac40a0597db42f98b14) Importer(815301076,1909f56bfc062723c751e8b465ee728b)
Start importing Assets/Scripts/CardFunction/Power.cs using Guid(2e1494f40ba10ac40a0597db42f98b14) Importer(815301076,1909f56bfc062723c751e8b465ee728b) [PhysX] Initialized MultithreadedTaskDispatcher with 8 workers.
 -> (artifact id: '00000000000000000000000000000000') in 0.000948 seconds
Import Error Code:(4)
Message: Build asset version error: assets/scripts/cardfunction/power.cs in SourceAssetDB has modification time of '2026-03-08T03:42:55.4589686Z' while content on disk has modification time of '2026-03-08T03:45:34.3359563Z'
  ERROR: Build asset version error: assets/scripts/cardfunction/power.cs in SourceAssetDB has modification time of '2026-03-08T03:42:55.4589686Z' while content on disk has modification time of '2026-03-08T03:45:34.3359563Z'
Number of updated asset objects reloaded before import = 0
Number of asset objects unloaded after import = 0
========================================================================
Received Import Request.
  Time since last request: 0.032192 seconds.
  path: Assets/Scripts/CardFunction/Power.cs
  artifactKey: Guid(2e1494f40ba10ac40a0597db42f98b14) Importer(815301076,1909f56bfc062723c751e8b465ee728b)
Start importing Assets/Scripts/CardFunction/Power.cs using Guid(2e1494f40ba10ac40a0597db42f98b14) Importer(815301076,1909f56bfc062723c751e8b465ee728b) [PhysX] Initialized MultithreadedTaskDispatcher with 8 workers.
 -> (artifact id: '00000000000000000000000000000000') in 0.001436 seconds
Import Error Code:(4)
Message: Build asset version error: assets/scripts/cardfunction/power.cs in SourceAssetDB has modification time of '2026-03-08T03:42:55.4589686Z' while content on disk has modification time of '2026-03-08T03:45:34.3359563Z'
  ERROR: Build asset version error: assets/scripts/cardfunction/power.cs in SourceAssetDB has modification time of '2026-03-08T03:42:55.4589686Z' while content on disk has modification time of '2026-03-08T03:45:34.3359563Z'
Number of updated asset objects reloaded before import = 0
Number of asset objects unloaded after import = 0
========================================================================
Received Import Request.
  Time since last request: 0.024211 seconds.
  path: Assets/Scripts/CardFunction/Power.cs
  artifactKey: Guid(2e1494f40ba10ac40a0597db42f98b14) Importer(815301076,1909f56bfc062723c751e8b465ee728b)
Start importing Assets/Scripts/CardFunction/Power.cs using Guid(2e1494f40ba10ac40a0597db42f98b14) Importer(815301076,1909f56bfc062723c751e8b465ee728b) [PhysX] Initialized MultithreadedTaskDispatcher with 8 workers.
 -> (artifact id: '00000000000000000000000000000000') in 0.000967 seconds
Import Error Code:(4)
Message: Build asset version error: assets/scripts/cardfunction/power.cs in SourceAssetDB has modification time of '2026-03-08T03:42:55.4589686Z' while content on disk has modification time of '2026-03-08T03:45:34.3359563Z'
  ERROR: Build asset version error: assets/scripts/cardfunction/power.cs in SourceAssetDB has modification time of '2026-03-08T03:42:55.4589686Z' while content on disk has modification time of '2026-03-08T03:45:34.3359563Z'
Number of updated asset objects reloaded before import = 0
Number of asset objects unloaded after import = 0
========================================================================
Received Import Request.
  Time since last request: 0.032851 seconds.
  path: Assets/Scripts/CardFunction/Power.cs
  artifactKey: Guid(2e1494f40ba10ac40a0597db42f98b14) Importer(815301076,1909f56bfc062723c751e8b465ee728b)
Start importing Assets/Scripts/CardFunction/Power.cs using Guid(2e1494f40ba10ac40a0597db42f98b14) Importer(815301076,1909f56bfc062723c751e8b465ee728b) [PhysX] Initialized MultithreadedTaskDispatcher with 8 workers.
 -> (artifact id: '00000000000000000000000000000000') in 0.005024 seconds
Import Error Code:(4)
Message: Build asset version error: assets/scripts/cardfunction/power.cs in SourceAssetDB has modification time of '2026-03-08T03:42:55.4589686Z' while content on disk has modification time of '2026-03-08T03:45:34.3359563Z'
  ERROR: Build asset version error: assets/scripts/cardfunction/power.cs in SourceAssetDB has modification time of '2026-03-08T03:42:55.4589686Z' while content on disk has modification time of '2026-03-08T03:45:34.3359563Z'
Number of updated asset objects reloaded before import = 0
Number of asset objects unloaded after import = 0
========================================================================
Received Import Request.
  Time since last request: 0.027366 seconds.
  path: Assets/Scripts/CardFunction/Power.cs
  artifactKey: Guid(2e1494f40ba10ac40a0597db42f98b14) Importer(815301076,1909f56bfc062723c751e8b465ee728b)
Start importing Assets/Scripts/CardFunction/Power.cs using Guid(2e1494f40ba10ac40a0597db42f98b14) Importer(815301076,1909f56bfc062723c751e8b465ee728b) [PhysX] Initialized MultithreadedTaskDispatcher with 8 workers.
 -> (artifact id: '00000000000000000000000000000000') in 0.000937 seconds
Import Error Code:(4)
Message: Build asset version error: assets/scripts/cardfunction/power.cs in SourceAssetDB has modification time of '2026-03-08T03:42:55.4589686Z' while content on disk has modification time of '2026-03-08T03:45:34.3359563Z'
  ERROR: Build asset version error: assets/scripts/cardfunction/power.cs in SourceAssetDB has modification time of '2026-03-08T03:42:55.4589686Z' while content on disk has modification time of '2026-03-08T03:45:34.3359563Z'
Number of updated asset objects reloaded before import = 0
Number of asset objects unloaded after import = 0
========================================================================
Received Import Request.
  Time since last request: 0.029272 seconds.
  path: Assets/Scripts/CardFunction/Power.cs
  artifactKey: Guid(2e1494f40ba10ac40a0597db42f98b14) Importer(815301076,1909f56bfc062723c751e8b465ee728b)
Start importing Assets/Scripts/CardFunction/Power.cs using Guid(2e1494f40ba10ac40a0597db42f98b14) Importer(815301076,1909f56bfc062723c751e8b465ee728b) [PhysX] Initialized MultithreadedTaskDispatcher with 8 workers.
 -> (artifact id: '00000000000000000000000000000000') in 0.001405 seconds
Import Error Code:(4)
Message: Build asset version error: assets/scripts/cardfunction/power.cs in SourceAssetDB has modification time of '2026-03-08T03:42:55.4589686Z' while content on disk has modification time of '2026-03-08T03:45:34.3359563Z'
  ERROR: Build asset version error: assets/scripts/cardfunction/power.cs in SourceAssetDB has modification time of '2026-03-08T03:42:55.4589686Z' while content on disk has modification time of '2026-03-08T03:45:34.3359563Z'
Number of updated asset objects reloaded before import = 0
Number of asset objects unloaded after import = 0
========================================================================
Received Import Request.
  Time since last request: 0.018364 seconds.
  path: Assets/Scripts/CardFunction/Power.cs
  artifactKey: Guid(2e1494f40ba10ac40a0597db42f98b14) Importer(815301076,1909f56bfc062723c751e8b465ee728b)
Start importing Assets/Scripts/CardFunction/Power.cs using Guid(2e1494f40ba10ac40a0597db42f98b14) Importer(815301076,1909f56bfc062723c751e8b465ee728b) [PhysX] Initialized MultithreadedTaskDispatcher with 8 workers.
 -> (artifact id: '00000000000000000000000000000000') in 0.001053 seconds
Import Error Code:(4)
Message: Build asset version error: assets/scripts/cardfunction/power.cs in SourceAssetDB has modification time of '2026-03-08T03:42:55.4589686Z' while content on disk has modification time of '2026-03-08T03:45:34.3359563Z'
  ERROR: Build asset version error: assets/scripts/cardfunction/power.cs in SourceAssetDB has modification time of '2026-03-08T03:42:55.4589686Z' while content on disk has modification time of '2026-03-08T03:45:34.3359563Z'
Number of updated asset objects reloaded before import = 0
Number of asset objects unloaded after import = 0
========================================================================
Received Import Request.
  Time since last request: 0.023192 seconds.
  path: Assets/Scripts/CardFunction/Power.cs
  artifactKey: Guid(2e1494f40ba10ac40a0597db42f98b14) Importer(815301076,1909f56bfc062723c751e8b465ee728b)
Start importing Assets/Scripts/CardFunction/Power.cs using Guid(2e1494f40ba10ac40a0597db42f98b14) Importer(815301076,1909f56bfc062723c751e8b465ee728b) [PhysX] Initialized MultithreadedTaskDispatcher with 8 workers.
 -> (artifact id: '00000000000000000000000000000000') in 0.001165 seconds
Import Error Code:(4)
Message: Build asset version error: assets/scripts/cardfunction/power.cs in SourceAssetDB has modification time of '2026-03-08T03:42:55.4589686Z' while content on disk has modification time of '2026-03-08T03:45:34.3359563Z'
  ERROR: Build asset version error: assets/scripts/cardfunction/power.cs in SourceAssetDB has modification time of '2026-03-08T03:42:55.4589686Z' while content on disk has modification time of '2026-03-08T03:45:34.3359563Z'
Number of updated asset objects reloaded before import = 0
Number of asset objects unloaded after import = 0
========================================================================
Received Import Request.
  Time since last request: 0.029732 seconds.
  path: Assets/Scripts/CardFunction/Power.cs
  artifactKey: Guid(2e1494f40ba10ac40a0597db42f98b14) Importer(815301076,1909f56bfc062723c751e8b465ee728b)
Start importing Assets/Scripts/CardFunction/Power.cs using Guid(2e1494f40ba10ac40a0597db42f98b14) Importer(815301076,1909f56bfc062723c751e8b465ee728b) [PhysX] Initialized MultithreadedTaskDispatcher with 8 workers.
 -> (artifact id: '00000000000000000000000000000000') in 0.001984 seconds
Import Error Code:(4)
Message: Build asset version error: assets/scripts/cardfunction/power.cs in SourceAssetDB has modification time of '2026-03-08T03:42:55.4589686Z' while content on disk has modification time of '2026-03-08T03:45:34.3359563Z'
  ERROR: Build asset version error: assets/scripts/cardfunction/power.cs in SourceAssetDB has modification time of '2026-03-08T03:42:55.4589686Z' while content on disk has modification time of '2026-03-08T03:45:34.3359563Z'
Number of updated asset objects reloaded before import = 0
Number of asset objects unloaded after import = 0
========================================================================
Received Import Request.
  Time since last request: 0.022997 seconds.
  path: Assets/Scripts/CardFunction/Power.cs
  artifactKey: Guid(2e1494f40ba10ac40a0597db42f98b14) Importer(815301076,1909f56bfc062723c751e8b465ee728b)
Start importing Assets/Scripts/CardFunction/Power.cs using Guid(2e1494f40ba10ac40a0597db42f98b14) Importer(815301076,1909f56bfc062723c751e8b465ee728b) [PhysX] Initialized MultithreadedTaskDispatcher with 8 workers.
 -> (artifact id: '00000000000000000000000000000000') in 0.001450 seconds
Import Error Code:(4)
Message: Build asset version error: assets/scripts/cardfunction/power.cs in SourceAssetDB has modification time of '2026-03-08T03:42:55.4589686Z' while content on disk has modification time of '2026-03-08T03:45:34.3359563Z'
  ERROR: Build asset version error: assets/scripts/cardfunction/power.cs in SourceAssetDB has modification time of '2026-03-08T03:42:55.4589686Z' while content on disk has modification time of '2026-03-08T03:45:34.3359563Z'
Number of updated asset objects reloaded before import = 0
Number of asset objects unloaded after import = 0
========================================================================
Received Import Request.
  Time since last request: 0.059829 seconds.
  path: Assets/Scripts/CardFunction/Power.cs
  artifactKey: Guid(2e1494f40ba10ac40a0597db42f98b14) Importer(815301076,1909f56bfc062723c751e8b465ee728b)
Start importing Assets/Scripts/CardFunction/Power.cs using Guid(2e1494f40ba10ac40a0597db42f98b14) Importer(815301076,1909f56bfc062723c751e8b465ee728b) [PhysX] Initialized MultithreadedTaskDispatcher with 8 workers.
 -> (artifact id: '00000000000000000000000000000000') in 0.002269 seconds
Import Error Code:(4)
Message: Build asset version error: assets/scripts/cardfunction/power.cs in SourceAssetDB has modification time of '2026-03-08T03:42:55.4589686Z' while content on disk has modification time of '2026-03-08T03:45:34.3359563Z'
  ERROR: Build asset version error: assets/scripts/cardfunction/power.cs in SourceAssetDB has modification time of '2026-03-08T03:42:55.4589686Z' while content on disk has modification time of '2026-03-08T03:45:34.3359563Z'
Number of updated asset objects reloaded before import = 0
Number of asset objects unloaded after import = 0
========================================================================
Received Import Request.
  Time since last request: 0.022988 seconds.
  path: Assets/Scripts/CardFunction/Power.cs
  artifactKey: Guid(2e1494f40ba10ac40a0597db42f98b14) Importer(815301076,1909f56bfc062723c751e8b465ee728b)
Start importing Assets/Scripts/CardFunction/Power.cs using Guid(2e1494f40ba10ac40a0597db42f98b14) Importer(815301076,1909f56bfc062723c751e8b465ee728b) [PhysX] Initialized MultithreadedTaskDispatcher with 8 workers.
 -> (artifact id: '00000000000000000000000000000000') in 0.002448 seconds
Import Error Code:(4)
Message: Build asset version error: assets/scripts/cardfunction/power.cs in SourceAssetDB has modification time of '2026-03-08T03:42:55.4589686Z' while content on disk has modification time of '2026-03-08T03:45:34.3359563Z'
  ERROR: Build asset version error: assets/scripts/cardfunction/power.cs in SourceAssetDB has modification time of '2026-03-08T03:42:55.4589686Z' while content on disk has modification time of '2026-03-08T03:45:34.3359563Z'
Number of updated asset objects reloaded before import = 0
Number of asset objects unloaded after import = 0
========================================================================
Received Import Request.
  Time since last request: 0.028237 seconds.
  path: Assets/Scripts/CardFunction/Power.cs
  artifactKey: Guid(2e1494f40ba10ac40a0597db42f98b14) Importer(815301076,1909f56bfc062723c751e8b465ee728b)
Start importing Assets/Scripts/CardFunction/Power.cs using Guid(2e1494f40ba10ac40a0597db42f98b14) Importer(815301076,1909f56bfc062723c751e8b465ee728b) [PhysX] Initialized MultithreadedTaskDispatcher with 8 workers.
 -> (artifact id: '00000000000000000000000000000000') in 0.001209 seconds
Import Error Code:(4)
Message: Build asset version error: assets/scripts/cardfunction/power.cs in SourceAssetDB has modification time of '2026-03-08T03:42:55.4589686Z' while content on disk has modification time of '2026-03-08T03:45:34.3359563Z'
  ERROR: Build asset version error: assets/scripts/cardfunction/power.cs in SourceAssetDB has modification time of '2026-03-08T03:42:55.4589686Z' while content on disk has modification time of '2026-03-08T03:45:34.3359563Z'
Number of updated asset objects reloaded before import = 0
Number of asset objects unloaded after import = 0
========================================================================
Received Import Request.
  Time since last request: 0.028783 seconds.
  path: Assets/Scripts/CardFunction/Power.cs
  artifactKey: Guid(2e1494f40ba10ac40a0597db42f98b14) Importer(815301076,1909f56bfc062723c751e8b465ee728b)
Start importing Assets/Scripts/CardFunction/Power.cs using Guid(2e1494f40ba10ac40a0597db42f98b14) Importer(815301076,1909f56bfc062723c751e8b465ee728b) [PhysX] Initialized MultithreadedTaskDispatcher with 8 workers.
 -> (artifact id: '00000000000000000000000000000000') in 0.002064 seconds
Import Error Code:(4)
Message: Build asset version error: assets/scripts/cardfunction/power.cs in SourceAssetDB has modification time of '2026-03-08T03:42:55.4589686Z' while content on disk has modification time of '2026-03-08T03:45:34.3359563Z'
  ERROR: Build asset version error: assets/scripts/cardfunction/power.cs in SourceAssetDB has modification time of '2026-03-08T03:42:55.4589686Z' while content on disk has modification time of '2026-03-08T03:45:34.3359563Z'
Number of updated asset objects reloaded before import = 0
Number of asset objects unloaded after import = 0
========================================================================
Received Import Request.
  Time since last request: 0.026952 seconds.
  path: Assets/Scripts/CardFunction/Power.cs
  artifactKey: Guid(2e1494f40ba10ac40a0597db42f98b14) Importer(815301076,1909f56bfc062723c751e8b465ee728b)
Start importing Assets/Scripts/CardFunction/Power.cs using Guid(2e1494f40ba10ac40a0597db42f98b14) Importer(815301076,1909f56bfc062723c751e8b465ee728b) [PhysX] Initialized MultithreadedTaskDispatcher with 8 workers.
 -> (artifact id: '00000000000000000000000000000000') in 0.001648 seconds
Import Error Code:(4)
Message: Build asset version error: assets/scripts/cardfunction/power.cs in SourceAssetDB has modification time of '2026-03-08T03:42:55.4589686Z' while content on disk has modification time of '2026-03-08T03:45:34.3359563Z'
  ERROR: Build asset version error: assets/scripts/cardfunction/power.cs in SourceAssetDB has modification time of '2026-03-08T03:42:55.4589686Z' while content on disk has modification time of '2026-03-08T03:45:34.3359563Z'
Number of updated asset objects reloaded before import = 0
Number of asset objects unloaded after import = 0
========================================================================
Received Import Request.
  Time since last request: 0.024603 seconds.
  path: Assets/Scripts/CardFunction/Power.cs
  artifactKey: Guid(2e1494f40ba10ac40a0597db42f98b14) Importer(815301076,1909f56bfc062723c751e8b465ee728b)
Start importing Assets/Scripts/CardFunction/Power.cs using Guid(2e1494f40ba10ac40a0597db42f98b14) Importer(815301076,1909f56bfc062723c751e8b465ee728b) [PhysX] Initialized MultithreadedTaskDispatcher with 8 workers.
 -> (artifact id: '00000000000000000000000000000000') in 0.001180 seconds
Import Error Code:(4)
Message: Build asset version error: assets/scripts/cardfunction/power.cs in SourceAssetDB has modification time of '2026-03-08T03:42:55.4589686Z' while content on disk has modification time of '2026-03-08T03:45:34.3359563Z'
  ERROR: Build asset version error: assets/scripts/cardfunction/power.cs in SourceAssetDB has modification time of '2026-03-08T03:42:55.4589686Z' while content on disk has modification time of '2026-03-08T03:45:34.3359563Z'
Number of updated asset objects reloaded before import = 0
Number of asset objects unloaded after import = 0
========================================================================
Received Import Request.
  Time since last request: 0.024906 seconds.
  path: Assets/Scripts/CardFunction/Power.cs
  artifactKey: Guid(2e1494f40ba10ac40a0597db42f98b14) Importer(815301076,1909f56bfc062723c751e8b465ee728b)
Start importing Assets/Scripts/CardFunction/Power.cs using Guid(2e1494f40ba10ac40a0597db42f98b14) Importer(815301076,1909f56bfc062723c751e8b465ee728b) [PhysX] Initialized MultithreadedTaskDispatcher with 8 workers.
 -> (artifact id: '00000000000000000000000000000000') in 0.000779 seconds
Import Error Code:(4)
Message: Build asset version error: assets/scripts/cardfunction/power.cs in SourceAssetDB has modification time of '2026-03-08T03:42:55.4589686Z' while content on disk has modification time of '2026-03-08T03:45:34.3359563Z'
  ERROR: Build asset version error: assets/scripts/cardfunction/power.cs in SourceAssetDB has modification time of '2026-03-08T03:42:55.4589686Z' while content on disk has modification time of '2026-03-08T03:45:34.3359563Z'
Number of updated asset objects reloaded before import = 0
Number of asset objects unloaded after import = 0
========================================================================
Received Import Request.
  Time since last request: 0.036753 seconds.
  path: Assets/Scripts/CardFunction/Power.cs
  artifactKey: Guid(2e1494f40ba10ac40a0597db42f98b14) Importer(815301076,1909f56bfc062723c751e8b465ee728b)
Start importing Assets/Scripts/CardFunction/Power.cs using Guid(2e1494f40ba10ac40a0597db42f98b14) Importer(815301076,1909f56bfc062723c751e8b465ee728b) [PhysX] Initialized MultithreadedTaskDispatcher with 8 workers.
 -> (artifact id: '00000000000000000000000000000000') in 0.001227 seconds
Import Error Code:(4)
Message: Build asset version error: assets/scripts/cardfunction/power.cs in SourceAssetDB has modification time of '2026-03-08T03:42:55.4589686Z' while content on disk has modification time of '2026-03-08T03:45:34.3359563Z'
  ERROR: Build asset version error: assets/scripts/cardfunction/power.cs in SourceAssetDB has modification time of '2026-03-08T03:42:55.4589686Z' while content on disk has modification time of '2026-03-08T03:45:34.3359563Z'
Number of updated asset objects reloaded before import = 0
Number of asset objects unloaded after import = 0
========================================================================
Received Import Request.
  Time since last request: 0.025499 seconds.
  path: Assets/Scripts/CardFunction/Power.cs
  artifactKey: Guid(2e1494f40ba10ac40a0597db42f98b14) Importer(815301076,1909f56bfc062723c751e8b465ee728b)
Start importing Assets/Scripts/CardFunction/Power.cs using Guid(2e1494f40ba10ac40a0597db42f98b14) Importer(815301076,1909f56bfc062723c751e8b465ee728b) [PhysX] Initialized MultithreadedTaskDispatcher with 8 workers.
 -> (artifact id: '00000000000000000000000000000000') in 0.001141 seconds
Import Error Code:(4)
Message: Build asset version error: assets/scripts/cardfunction/power.cs in SourceAssetDB has modification time of '2026-03-08T03:42:55.4589686Z' while content on disk has modification time of '2026-03-08T03:45:34.3359563Z'
  ERROR: Build asset version error: assets/scripts/cardfunction/power.cs in SourceAssetDB has modification time of '2026-03-08T03:42:55.4589686Z' while content on disk has modification time of '2026-03-08T03:45:34.3359563Z'
Number of updated asset objects reloaded before import = 0
Number of asset objects unloaded after import = 0
========================================================================
Received Import Request.
  Time since last request: 0.034641 seconds.
  path: Assets/Scripts/CardFunction/Power.cs
  artifactKey: Guid(2e1494f40ba10ac40a0597db42f98b14) Importer(815301076,1909f56bfc062723c751e8b465ee728b)
Start importing Assets/Scripts/CardFunction/Power.cs using Guid(2e1494f40ba10ac40a0597db42f98b14) Importer(815301076,1909f56bfc062723c751e8b465ee728b) [PhysX] Initialized MultithreadedTaskDispatcher with 8 workers.
 -> (artifact id: '00000000000000000000000000000000') in 0.002526 seconds
Import Error Code:(4)
Message: Build asset version error: assets/scripts/cardfunction/power.cs in SourceAssetDB has modification time of '2026-03-08T03:42:55.4589686Z' while content on disk has modification time of '2026-03-08T03:45:34.3359563Z'
  ERROR: Build asset version error: assets/scripts/cardfunction/power.cs in SourceAssetDB has modification time of '2026-03-08T03:42:55.4589686Z' while content on disk has modification time of '2026-03-08T03:45:34.3359563Z'
Number of updated asset objects reloaded before import = 0
Number of asset objects unloaded after import = 0
========================================================================
Received Import Request.
  Time since last request: 0.025752 seconds.
  path: Assets/Scripts/CardFunction/Power.cs
  artifactKey: Guid(2e1494f40ba10ac40a0597db42f98b14) Importer(815301076,1909f56bfc062723c751e8b465ee728b)
Start importing Assets/Scripts/CardFunction/Power.cs using Guid(2e1494f40ba10ac40a0597db42f98b14) Importer(815301076,1909f56bfc062723c751e8b465ee728b) [PhysX] Initialized MultithreadedTaskDispatcher with 8 workers.
 -> (artifact id: '00000000000000000000000000000000') in 0.002116 seconds
Import Error Code:(4)
Message: Build asset version error: assets/scripts/cardfunction/power.cs in SourceAssetDB has modification time of '2026-03-08T03:42:55.4589686Z' while content on disk has modification time of '2026-03-08T03:45:34.3359563Z'
  ERROR: Build asset version error: assets/scripts/cardfunction/power.cs in SourceAssetDB has modification time of '2026-03-08T03:42:55.4589686Z' while content on disk has modification time of '2026-03-08T03:45:34.3359563Z'
Number of updated asset objects reloaded before import = 0
Number of asset objects unloaded after import = 0
========================================================================
Received Import Request.
  Time since last request: 0.028424 seconds.
  path: Assets/Scripts/CardFunction/Power.cs
  artifactKey: Guid(2e1494f40ba10ac40a0597db42f98b14) Importer(815301076,1909f56bfc062723c751e8b465ee728b)
Start importing Assets/Scripts/CardFunction/Power.cs using Guid(2e1494f40ba10ac40a0597db42f98b14) Importer(815301076,1909f56bfc062723c751e8b465ee728b) [PhysX] Initialized MultithreadedTaskDispatcher with 8 workers.
 -> (artifact id: '00000000000000000000000000000000') in 0.001381 seconds
Import Error Code:(4)
Message: Build asset version error: assets/scripts/cardfunction/power.cs in SourceAssetDB has modification time of '2026-03-08T03:42:55.4589686Z' while content on disk has modification time of '2026-03-08T03:45:34.3359563Z'
  ERROR: Build asset version error: assets/scripts/cardfunction/power.cs in SourceAssetDB has modification time of '2026-03-08T03:42:55.4589686Z' while content on disk has modification time of '2026-03-08T03:45:34.3359563Z'
Number of updated asset objects reloaded before import = 0
Number of asset objects unloaded after import = 0
========================================================================
Received Import Request.
  Time since last request: 0.027891 seconds.
  path: Assets/Scripts/CardFunction/Power.cs
  artifactKey: Guid(2e1494f40ba10ac40a0597db42f98b14) Importer(815301076,1909f56bfc062723c751e8b465ee728b)
Start importing Assets/Scripts/CardFunction/Power.cs using Guid(2e1494f40ba10ac40a0597db42f98b14) Importer(815301076,1909f56bfc062723c751e8b465ee728b) [PhysX] Initialized MultithreadedTaskDispatcher with 8 workers.
 -> (artifact id: '00000000000000000000000000000000') in 0.001004 seconds
Import Error Code:(4)
Message: Build asset version error: assets/scripts/cardfunction/power.cs in SourceAssetDB has modification time of '2026-03-08T03:42:55.4589686Z' while content on disk has modification time of '2026-03-08T03:45:34.3359563Z'
  ERROR: Build asset version error: assets/scripts/cardfunction/power.cs in SourceAssetDB has modification time of '2026-03-08T03:42:55.4589686Z' while content on disk has modification time of '2026-03-08T03:45:34.3359563Z'
Number of updated asset objects reloaded before import = 0
Number of asset objects unloaded after import = 0
========================================================================
Received Import Request.
  Time since last request: 0.025872 seconds.
  path: Assets/Scripts/CardFunction/Power.cs
  artifactKey: Guid(2e1494f40ba10ac40a0597db42f98b14) Importer(815301076,1909f56bfc062723c751e8b465ee728b)
Start importing Assets/Scripts/CardFunction/Power.cs using Guid(2e1494f40ba10ac40a0597db42f98b14) Importer(815301076,1909f56bfc062723c751e8b465ee728b) [PhysX] Initialized MultithreadedTaskDispatcher with 8 workers.
 -> (artifact id: '00000000000000000000000000000000') in 0.001132 seconds
Import Error Code:(4)
Message: Build asset version error: assets/scripts/cardfunction/power.cs in SourceAssetDB has modification time of '2026-03-08T03:42:55.4589686Z' while content on disk has modification time of '2026-03-08T03:45:34.3359563Z'
  ERROR: Build asset version error: assets/scripts/cardfunction/power.cs in SourceAssetDB has modification time of '2026-03-08T03:42:55.4589686Z' while content on disk has modification time of '2026-03-08T03:45:34.3359563Z'
Number of updated asset objects reloaded before import = 0
Number of asset objects unloaded after import = 0
========================================================================
Received Import Request.
  Time since last request: 0.017396 seconds.
  path: Assets/Scripts/CardFunction/Power.cs
  artifactKey: Guid(2e1494f40ba10ac40a0597db42f98b14) Importer(815301076,1909f56bfc062723c751e8b465ee728b)
Start importing Assets/Scripts/CardFunction/Power.cs using Guid(2e1494f40ba10ac40a0597db42f98b14) Importer(815301076,1909f56bfc062723c751e8b465ee728b) [PhysX] Initialized MultithreadedTaskDispatcher with 8 workers.
 -> (artifact id: '00000000000000000000000000000000') in 0.001605 seconds
Import Error Code:(4)
Message: Build asset version error: assets/scripts/cardfunction/power.cs in SourceAssetDB has modification time of '2026-03-08T03:42:55.4589686Z' while content on disk has modification time of '2026-03-08T03:45:34.3359563Z'
  ERROR: Build asset version error: assets/scripts/cardfunction/power.cs in SourceAssetDB has modification time of '2026-03-08T03:42:55.4589686Z' while content on disk has modification time of '2026-03-08T03:45:34.3359563Z'
Number of updated asset objects reloaded before import = 0
Number of asset objects unloaded after import = 0
========================================================================
Received Import Request.
  Time since last request: 0.026111 seconds.
  path: Assets/Scripts/CardFunction/Power.cs
  artifactKey: Guid(2e1494f40ba10ac40a0597db42f98b14) Importer(815301076,1909f56bfc062723c751e8b465ee728b)
Start importing Assets/Scripts/CardFunction/Power.cs using Guid(2e1494f40ba10ac40a0597db42f98b14) Importer(815301076,1909f56bfc062723c751e8b465ee728b) [PhysX] Initialized MultithreadedTaskDispatcher with 8 workers.
 -> (artifact id: '00000000000000000000000000000000') in 0.001340 seconds
Import Error Code:(4)
Message: Build asset version error: assets/scripts/cardfunction/power.cs in SourceAssetDB has modification time of '2026-03-08T03:42:55.4589686Z' while content on disk has modification time of '2026-03-08T03:45:34.3359563Z'
  ERROR: Build asset version error: assets/scripts/cardfunction/power.cs in SourceAssetDB has modification time of '2026-03-08T03:42:55.4589686Z' while content on disk has modification time of '2026-03-08T03:45:34.3359563Z'
Number of updated asset objects reloaded before import = 0
Number of asset objects unloaded after import = 0
========================================================================
Received Import Request.
  Time since last request: 0.014238 seconds.
  path: Assets/Scripts/CardFunction/Power.cs
  artifactKey: Guid(2e1494f40ba10ac40a0597db42f98b14) Importer(815301076,1909f56bfc062723c751e8b465ee728b)
Start importing Assets/Scripts/CardFunction/Power.cs using Guid(2e1494f40ba10ac40a0597db42f98b14) Importer(815301076,1909f56bfc062723c751e8b465ee728b) [PhysX] Initialized MultithreadedTaskDispatcher with 8 workers.
 -> (artifact id: '00000000000000000000000000000000') in 0.001628 seconds
Import Error Code:(4)
Message: Build asset version error: assets/scripts/cardfunction/power.cs in SourceAssetDB has modification time of '2026-03-08T03:42:55.4589686Z' while content on disk has modification time of '2026-03-08T03:45:34.3359563Z'
  ERROR: Build asset version error: assets/scripts/cardfunction/power.cs in SourceAssetDB has modification time of '2026-03-08T03:42:55.4589686Z' while content on disk has modification time of '2026-03-08T03:45:34.3359563Z'
Number of updated asset objects reloaded before import = 0
Number of asset objects unloaded after import = 0
========================================================================
Received Import Request.
  Time since last request: 0.022007 seconds.
  path: Assets/Scripts/CardFunction/Power.cs
  artifactKey: Guid(2e1494f40ba10ac40a0597db42f98b14) Importer(815301076,1909f56bfc062723c751e8b465ee728b)
Start importing Assets/Scripts/CardFunction/Power.cs using Guid(2e1494f40ba10ac40a0597db42f98b14) Importer(815301076,1909f56bfc062723c751e8b465ee728b) [PhysX] Initialized MultithreadedTaskDispatcher with 8 workers.
 -> (artifact id: '00000000000000000000000000000000') in 0.000777 seconds
Import Error Code:(4)
Message: Build asset version error: assets/scripts/cardfunction/power.cs in SourceAssetDB has modification time of '2026-03-08T03:42:55.4589686Z' while content on disk has modification time of '2026-03-08T03:45:34.3359563Z'
  ERROR: Build asset version error: assets/scripts/cardfunction/power.cs in SourceAssetDB has modification time of '2026-03-08T03:42:55.4589686Z' while content on disk has modification time of '2026-03-08T03:45:34.3359563Z'
Number of updated asset objects reloaded before import = 0
Number of asset objects unloaded after import = 0
========================================================================
Received Import Request.
  Time since last request: 0.029711 seconds.
  path: Assets/Scripts/CardFunction/Power.cs
  artifactKey: Guid(2e1494f40ba10ac40a0597db42f98b14) Importer(815301076,1909f56bfc062723c751e8b465ee728b)
Start importing Assets/Scripts/CardFunction/Power.cs using Guid(2e1494f40ba10ac40a0597db42f98b14) Importer(815301076,1909f56bfc062723c751e8b465ee728b) [PhysX] Initialized MultithreadedTaskDispatcher with 8 workers.
 -> (artifact id: '00000000000000000000000000000000') in 0.001342 seconds
Import Error Code:(4)
Message: Build asset version error: assets/scripts/cardfunction/power.cs in SourceAssetDB has modification time of '2026-03-08T03:42:55.4589686Z' while content on disk has modification time of '2026-03-08T03:45:34.3359563Z'
  ERROR: Build asset version error: assets/scripts/cardfunction/power.cs in SourceAssetDB has modification time of '2026-03-08T03:42:55.4589686Z' while content on disk has modification time of '2026-03-08T03:45:34.3359563Z'
Number of updated asset objects reloaded before import = 0
Number of asset objects unloaded after import = 0
========================================================================
Received Import Request.
  Time since last request: 0.022065 seconds.
  path: Assets/Scripts/CardFunction/Power.cs
  artifactKey: Guid(2e1494f40ba10ac40a0597db42f98b14) Importer(815301076,1909f56bfc062723c751e8b465ee728b)
Start importing Assets/Scripts/CardFunction/Power.cs using Guid(2e1494f40ba10ac40a0597db42f98b14) Importer(815301076,1909f56bfc062723c751e8b465ee728b) [PhysX] Initialized MultithreadedTaskDispatcher with 8 workers.
 -> (artifact id: '00000000000000000000000000000000') in 0.000752 seconds
Import Error Code:(4)
Message: Build asset version error: assets/scripts/cardfunction/power.cs in SourceAssetDB has modification time of '2026-03-08T03:42:55.4589686Z' while content on disk has modification time of '2026-03-08T03:45:34.3359563Z'
  ERROR: Build asset version error: assets/scripts/cardfunction/power.cs in SourceAssetDB has modification time of '2026-03-08T03:42:55.4589686Z' while content on disk has modification time of '2026-03-08T03:45:34.3359563Z'
Number of updated asset objects reloaded before import = 0
Number of asset objects unloaded after import = 0
========================================================================
Received Import Request.
  Time since last request: 0.020982 seconds.
  path: Assets/Scripts/CardFunction/Power.cs
  artifactKey: Guid(2e1494f40ba10ac40a0597db42f98b14) Importer(815301076,1909f56bfc062723c751e8b465ee728b)
Start importing Assets/Scripts/CardFunction/Power.cs using Guid(2e1494f40ba10ac40a0597db42f98b14) Importer(815301076,1909f56bfc062723c751e8b465ee728b) [PhysX] Initialized MultithreadedTaskDispatcher with 8 workers.
 -> (artifact id: '00000000000000000000000000000000') in 0.000899 seconds
Import Error Code:(4)
Message: Build asset version error: assets/scripts/cardfunction/power.cs in SourceAssetDB has modification time of '2026-03-08T03:42:55.4589686Z' while content on disk has modification time of '2026-03-08T03:45:34.3359563Z'
  ERROR: Build asset version error: assets/scripts/cardfunction/power.cs in SourceAssetDB has modification time of '2026-03-08T03:42:55.4589686Z' while content on disk has modification time of '2026-03-08T03:45:34.3359563Z'
Number of updated asset objects reloaded before import = 0
Number of asset objects unloaded after import = 0
========================================================================
Received Import Request.
  Time since last request: 0.091311 seconds.
  path: Assets/Scripts/CardFunction/Power.cs
  artifactKey: Guid(2e1494f40ba10ac40a0597db42f98b14) Importer(815301076,1909f56bfc062723c751e8b465ee728b)
Start importing Assets/Scripts/CardFunction/Power.cs using Guid(2e1494f40ba10ac40a0597db42f98b14) Importer(815301076,1909f56bfc062723c751e8b465ee728b) [PhysX] Initialized MultithreadedTaskDispatcher with 8 workers.
 -> (artifact id: '00000000000000000000000000000000') in 0.001466 seconds
Import Error Code:(4)
Message: Build asset version error: assets/scripts/cardfunction/power.cs in SourceAssetDB has modification time of '2026-03-08T03:42:55.4589686Z' while content on disk has modification time of '2026-03-08T03:45:34.3359563Z'
  ERROR: Build asset version error: assets/scripts/cardfunction/power.cs in SourceAssetDB has modification time of '2026-03-08T03:42:55.4589686Z' while content on disk has modification time of '2026-03-08T03:45:34.3359563Z'
Number of updated asset objects reloaded before import = 0
Number of asset objects unloaded after import = 0
========================================================================
Received Prepare
Caller must complete domain reload
Begin MonoManager ReloadAssembly
- Loaded All Assemblies, in 16.284 seconds
Native extension for WindowsStandalone target not found
Native extension for Android target not found
Native extension for WebGL target not found
Mono: successfully reloaded assembly
- Finished resetting the current domain, in 16.527 seconds
Domain Reload Profiling: 32834ms
	BeginReloadAssembly (3978ms)
		ExecutionOrderSort (10ms)
		DisableScriptedObjects (499ms)
		BackupInstance (0ms)
		ReleaseScriptingObjects (6ms)
		CreateAndSetChildDomain (1445ms)
	RebuildCommonClasses (269ms)
	RebuildNativeTypeToScriptingClass (48ms)
	initialDomainReloadingComplete (172ms)
	LoadAllAssembliesAndSetupDomain (11836ms)
		LoadAssemblies (12893ms)
		RebuildTransferFunctionScriptingTraits (0ms)
		AnalyzeDomain (411ms)
			TypeCache.Refresh (195ms)
				TypeCache.ScanAssembly (6ms)
			ScanForSourceGeneratedMonoScriptInfo (153ms)
			ResolveRequiredComponents (61ms)
	FinalizeReload (16531ms)
		ReleaseScriptCaches (0ms)
		RebuildScriptCaches (0ms)
		SetupLoadedEditorAssemblies (2873ms)
			LogAssemblyErrors (0ms)
			InitializePlatformSupportModulesInManaged (151ms)
			SetLoadedEditorAssemblies (24ms)
			RefreshPlugins (0ms)
			BeforeProcessingInitializeOnLoad (500ms)
			ProcessInitializeOnLoadAttributes (1799ms)
			ProcessInitializeOnLoadMethodAttributes (389ms)
			AfterProcessingInitializeOnLoad (4ms)
			EditorAssembliesLoaded (6ms)
		ExecutionOrderSort2 (0ms)
		AwakeInstancesAfterBackupRestoration (64ms)
Script is not up to date after domain reload: guid(2e1494f40ba10ac40a0597db42f98b14) path("Assets/Scripts/CardFunction/Power.cs") state(2)
Script is not up to date after domain reload: guid(e14bb6b2b88aba34b80158cccecee858) path("Assets/Scripts/CardFunction/BasicsAttack.cs") state(2)
Refreshing native plugins compatible for Editor in 31.64 ms, found 4 plugins.
Preloading 0 native plugins for Editor in 0.00 ms.
Unloading 5711 Unused Serialized files (Serialized files now loaded: 0)
Unloading 35 unused Assets / (0.9 MB). Loaded Objects now: 6376.
Memory consumption went from 217.5 MB to 216.6 MB.
Total: 149.086100 ms (FindLiveObjects: 2.153200 ms CreateObjectMapping: 0.877300 ms MarkObjects: 135.005600 ms  DeleteObjects: 11.045600 ms)

Prepare: number of updated asset objects reloaded= 0
AssetImportParameters requested are different than current active one (requested -> active):
  custom:container-demuxer-ogg: 62fdf1f143b41e24485cea50d1cbac27 -> 
  custom:video-codec-MediaFoundation-h265: 746d11721c4dcdbdad8f713fa42b33f4 -> 
  custom:video-decoder-ogg-theora: a1e56fd34408186e4bbccfd4996cb3dc -> 
  custom:framework-win-MediaFoundation: 216162199b28c13a410421893ffa2e32 -> 
  custom:CustomObjectIndexerAttribute: 72b91833f83ae208fae7752999fa3104 -> 
  custom:container-demuxer-webm: 4f35f7cbe854078d1ac9338744f61a02 -> 
  custom:scripting/monoscript/fileName/Power.cs: d22eef278e1d3ce547bef81e959c0482 -> 
  custom:container-muxer-webm: aa71ff27fc2769a1b78a27578f13a17b -> 
  custom:video-decoder-webm-vp8: 9c59270c3fd7afecdb556c50c9e8de78 -> 
  custom:SearchIndexIgnoredProperties: e643bd26f0fe6173181afceb89e7c659 -> 
  custom:AudioImporter_EditorPlatform: d09bf68614088b80899f8185d706f6e7 -> 
  custom:video-encoder-webm-vp8: eb34c28f22e8b96e1ab97ce403110664 -> 
  custom:audio-decoder-ogg-vorbis: bf7c407c2cedff20999df2af8eb42d56 -> 
  custom:audio-encoder-webm-vorbis: bf7c407c2cedff20999df2af8eb42d56 -> 
  custom:scripting/precompiled-assembly-types:Assembly-CSharp: 851961763589667e1d2aef762f5258c1 -> 67c36929a301ab3f795aef59ea829d4c
========================================================================
Received Prepare
Caller must complete domain reload
Begin MonoManager ReloadAssembly
- Loaded All Assemblies, in  7.047 seconds
Native extension for WindowsStandalone target not found
Native extension for Android target not found
Native extension for WebGL target not found
Mono: successfully reloaded assembly
- Finished resetting the current domain, in  5.999 seconds
Domain Reload Profiling: 13047ms
	BeginReloadAssembly (1378ms)
		ExecutionOrderSort (0ms)
		DisableScriptedObjects (203ms)
		BackupInstance (0ms)
		ReleaseScriptingObjects (0ms)
		CreateAndSetChildDomain (533ms)
	RebuildCommonClasses (103ms)
	RebuildNativeTypeToScriptingClass (73ms)
	initialDomainReloadingComplete (127ms)
	LoadAllAssembliesAndSetupDomain (5366ms)
		LoadAssemblies (5420ms)
		RebuildTransferFunctionScriptingTraits (0ms)
		AnalyzeDomain (339ms)
			TypeCache.Refresh (210ms)
				TypeCache.ScanAssembly (15ms)
			ScanForSourceGeneratedMonoScriptInfo (90ms)
			ResolveRequiredComponents (37ms)
	FinalizeReload (6001ms)
		ReleaseScriptCaches (0ms)
		RebuildScriptCaches (0ms)
		SetupLoadedEditorAssemblies (2114ms)
			LogAssemblyErrors (0ms)
			InitializePlatformSupportModulesInManaged (57ms)
			SetLoadedEditorAssemblies (14ms)
			RefreshPlugins (0ms)
			BeforeProcessingInitializeOnLoad (390ms)
			ProcessInitializeOnLoadAttributes (1359ms)
			ProcessInitializeOnLoadMethodAttributes (286ms)
			AfterProcessingInitializeOnLoad (6ms)
			EditorAssembliesLoaded (1ms)
		ExecutionOrderSort2 (0ms)
		AwakeInstancesAfterBackupRestoration (40ms)
Refreshing native plugins compatible for Editor in 55.74 ms, found 4 plugins.
Preloading 0 native plugins for Editor in 0.00 ms.
Unloading 5713 Unused Serialized files (Serialized files now loaded: 0)
Unloading 35 unused Assets / (0.9 MB). Loaded Objects now: 6384.
Memory consumption went from 217.6 MB to 216.7 MB.
Total: 76.964200 ms (FindLiveObjects: 4.591800 ms CreateObjectMapping: 7.837900 ms MarkObjects: 62.204700 ms  DeleteObjects: 2.327400 ms)

Prepare: number of updated asset objects reloaded= 0
AssetImportParameters requested are different than current active one (requested -> active):
  custom:container-demuxer-ogg: 62fdf1f143b41e24485cea50d1cbac27 -> 
  custom:video-codec-MediaFoundation-h265: 746d11721c4dcdbdad8f713fa42b33f4 -> 
  custom:video-decoder-ogg-theora: a1e56fd34408186e4bbccfd4996cb3dc -> 
  custom:framework-win-MediaFoundation: 216162199b28c13a410421893ffa2e32 -> 
  custom:CustomObjectIndexerAttribute: 72b91833f83ae208fae7752999fa3104 -> 
  custom:container-demuxer-webm: 4f35f7cbe854078d1ac9338744f61a02 -> 
  custom:scripting/monoscript/fileName/Power.cs: d22eef278e1d3ce547bef81e959c0482 -> 
  custom:container-muxer-webm: aa71ff27fc2769a1b78a27578f13a17b -> 
  custom:video-decoder-webm-vp8: 9c59270c3fd7afecdb556c50c9e8de78 -> 
  custom:SearchIndexIgnoredProperties: e643bd26f0fe6173181afceb89e7c659 -> 
  custom:AudioImporter_EditorPlatform: d09bf68614088b80899f8185d706f6e7 -> 
  custom:video-encoder-webm-vp8: eb34c28f22e8b96e1ab97ce403110664 -> 
  custom:audio-decoder-ogg-vorbis: bf7c407c2cedff20999df2af8eb42d56 -> 
  custom:audio-encoder-webm-vorbis: bf7c407c2cedff20999df2af8eb42d56 -> 
  custom:scripting/precompiled-assembly-types:Assembly-CSharp: 851961763589667e1d2aef762f5258c1 -> 67c36929a301ab3f795aef59ea829d4c
========================================================================
Received Import Request.
  Time since last request: 197.268155 seconds.
  path: Assets/Scripts/CardFunction/Power.cs
  artifactKey: Guid(2e1494f40ba10ac40a0597db42f98b14) Importer(815301076,1909f56bfc062723c751e8b465ee728b)
Start importing Assets/Scripts/CardFunction/Power.cs using Guid(2e1494f40ba10ac40a0597db42f98b14) Importer(815301076,1909f56bfc062723c751e8b465ee728b) [PhysX] Initialized MultithreadedTaskDispatcher with 8 workers.
 -> (artifact id: '9015300a84d809b549f7ee5d6687aa06') in 0.477135 seconds
Number of updated asset objects reloaded before import = 0
Number of asset objects unloaded after import = 0
========================================================================
Received Prepare
Caller must complete domain reload
Begin MonoManager ReloadAssembly
- Loaded All Assemblies, in  4.718 seconds
Native extension for WindowsStandalone target not found
Native extension for Android target not found
Native extension for WebGL target not found
Mono: successfully reloaded assembly
- Finished resetting the current domain, in  7.513 seconds
Domain Reload Profiling: 12261ms
	BeginReloadAssembly (2244ms)
		ExecutionOrderSort (1ms)
		DisableScriptedObjects (145ms)
		BackupInstance (0ms)
		ReleaseScriptingObjects (2ms)
		CreateAndSetChildDomain (1330ms)
	RebuildCommonClasses (92ms)
	RebuildNativeTypeToScriptingClass (31ms)
	initialDomainReloadingComplete (81ms)
	LoadAllAssembliesAndSetupDomain (2298ms)
		LoadAssemblies (2721ms)
		RebuildTransferFunctionScriptingTraits (0ms)
		AnalyzeDomain (89ms)
			TypeCache.Refresh (36ms)
				TypeCache.ScanAssembly (0ms)
			ScanForSourceGeneratedMonoScriptInfo (1ms)
			ResolveRequiredComponents (50ms)
	FinalizeReload (7516ms)
		ReleaseScriptCaches (0ms)
		RebuildScriptCaches (0ms)
		SetupLoadedEditorAssemblies (1738ms)
			LogAssemblyErrors (0ms)
			InitializePlatformSupportModulesInManaged (76ms)
			SetLoadedEditorAssemblies (16ms)
			RefreshPlugins (0ms)
			BeforeProcessingInitializeOnLoad (242ms)
			ProcessInitializeOnLoadAttributes (1131ms)
			ProcessInitializeOnLoadMethodAttributes (261ms)
			AfterProcessingInitializeOnLoad (9ms)
			EditorAssembliesLoaded (2ms)
		ExecutionOrderSort2 (0ms)
		AwakeInstancesAfterBackupRestoration (50ms)
Refreshing native plugins compatible for Editor in 22.15 ms, found 4 plugins.
Preloading 0 native plugins for Editor in 0.00 ms.
Unloading 5713 Unused Serialized files (Serialized files now loaded: 0)
Unloading 35 unused Assets / (0.9 MB). Loaded Objects now: 6390.
Memory consumption went from 217.6 MB to 216.7 MB.
Total: 41.220500 ms (FindLiveObjects: 0.919100 ms CreateObjectMapping: 0.435900 ms MarkObjects: 39.177200 ms  DeleteObjects: 0.686500 ms)

Prepare: number of updated asset objects reloaded= 0
AssetImportParameters requested are different than current active one (requested -> active):
  custom:container-demuxer-ogg: 62fdf1f143b41e24485cea50d1cbac27 -> 
  custom:video-codec-MediaFoundation-h265: 746d11721c4dcdbdad8f713fa42b33f4 -> 
  custom:video-decoder-ogg-theora: a1e56fd34408186e4bbccfd4996cb3dc -> 
  custom:framework-win-MediaFoundation: 216162199b28c13a410421893ffa2e32 -> 
  custom:CustomObjectIndexerAttribute: 72b91833f83ae208fae7752999fa3104 -> 
  custom:container-demuxer-webm: 4f35f7cbe854078d1ac9338744f61a02 -> 
  custom:scripting/monoscript/fileName/Power.cs: d22eef278e1d3ce547bef81e959c0482 -> 
  custom:container-muxer-webm: aa71ff27fc2769a1b78a27578f13a17b -> 
  custom:video-decoder-webm-vp8: 9c59270c3fd7afecdb556c50c9e8de78 -> 
  custom:SearchIndexIgnoredProperties: e643bd26f0fe6173181afceb89e7c659 -> 
  custom:AudioImporter_EditorPlatform: d09bf68614088b80899f8185d706f6e7 -> 
  custom:video-encoder-webm-vp8: eb34c28f22e8b96e1ab97ce403110664 -> 
  custom:audio-decoder-ogg-vorbis: bf7c407c2cedff20999df2af8eb42d56 -> 
  custom:audio-encoder-webm-vorbis: bf7c407c2cedff20999df2af8eb42d56 -> 
  custom:scripting/precompiled-assembly-types:Assembly-CSharp: 851961763589667e1d2aef762f5258c1 -> 67c36929a301ab3f795aef59ea829d4c
========================================================================
Received Import Request.
  Time since last request: 909.772482 seconds.
  path: Assets/资源类
  artifactKey: Guid(1be8de681b8f54b4597d357f9833ce16) Importer(815301076,1909f56bfc062723c751e8b465ee728b)
Start importing Assets/资源类 using Guid(1be8de681b8f54b4597d357f9833ce16) Importer(815301076,1909f56bfc062723c751e8b465ee728b) [PhysX] Initialized MultithreadedTaskDispatcher with 8 workers.
 -> (artifact id: 'bae07513c579ed862ba932d0faa1c73c') in 0.062615 seconds
Number of updated asset objects reloaded before import = 0
Number of asset objects unloaded after import = 0
========================================================================
Received Import Request.
  Time since last request: 6.336336 seconds.
  path: Assets/资源类/增加能量.asset
  artifactKey: Guid(239a929ec5af5494487a77efa427969b) Importer(815301076,1909f56bfc062723c751e8b465ee728b)
Start importing Assets/资源类/增加能量.asset using Guid(239a929ec5af5494487a77efa427969b) Importer(815301076,1909f56bfc062723c751e8b465ee728b) [PhysX] Initialized MultithreadedTaskDispatcher with 8 workers.
 -> (artifact id: 'b94ae6a5e24a65c08e9da6a71dcd8f95') in 0.249241 seconds
Number of updated asset objects reloaded before import = 0
Number of asset objects unloaded after import = 1
========================================================================
Received Prepare
Caller must complete domain reload
Begin MonoManager ReloadAssembly
- Loaded All Assemblies, in  6.523 seconds
Native extension for WindowsStandalone target not found
Native extension for Android target not found
Native extension for WebGL target not found
Mono: successfully reloaded assembly
- Finished resetting the current domain, in  8.832 seconds
Domain Reload Profiling: 15503ms
	BeginReloadAssembly (2763ms)
		ExecutionOrderSort (1ms)
		DisableScriptedObjects (128ms)
		BackupInstance (0ms)
		ReleaseScriptingObjects (2ms)
		CreateAndSetChildDomain (825ms)
	RebuildCommonClasses (146ms)
	RebuildNativeTypeToScriptingClass (33ms)
	initialDomainReloadingComplete (113ms)
	LoadAllAssembliesAndSetupDomain (3614ms)
		LoadAssemblies (4702ms)
		RebuildTransferFunctionScriptingTraits (0ms)
		AnalyzeDomain (356ms)
			TypeCache.Refresh (203ms)
				TypeCache.ScanAssembly (0ms)
			ScanForSourceGeneratedMonoScriptInfo (10ms)
			ResolveRequiredComponents (140ms)
	FinalizeReload (8834ms)
		ReleaseScriptCaches (0ms)
		RebuildScriptCaches (0ms)
		SetupLoadedEditorAssemblies (2330ms)
			LogAssemblyErrors (0ms)
			InitializePlatformSupportModulesInManaged (62ms)
			SetLoadedEditorAssemblies (11ms)
			RefreshPlugins (0ms)
			BeforeProcessingInitializeOnLoad (189ms)
			ProcessInitializeOnLoadAttributes (1741ms)
			ProcessInitializeOnLoadMethodAttributes (317ms)
			AfterProcessingInitializeOnLoad (7ms)
			EditorAssembliesLoaded (4ms)
		ExecutionOrderSort2 (0ms)
		AwakeInstancesAfterBackupRestoration (50ms)
Refreshing native plugins compatible for Editor in 21.06 ms, found 4 plugins.
Preloading 0 native plugins for Editor in 0.00 ms.
Unloading 5713 Unused Serialized files (Serialized files now loaded: 0)
Unloading 35 unused Assets / (0.9 MB). Loaded Objects now: 6396.
Memory consumption went from 217.6 MB to 216.7 MB.
Total: 17.258300 ms (FindLiveObjects: 1.906000 ms CreateObjectMapping: 0.976600 ms MarkObjects: 11.790400 ms  DeleteObjects: 2.581900 ms)

Prepare: number of updated asset objects reloaded= 0
AssetImportParameters requested are different than current active one (requested -> active):
  custom:container-demuxer-ogg: 62fdf1f143b41e24485cea50d1cbac27 -> 
  custom:video-codec-MediaFoundation-h265: 746d11721c4dcdbdad8f713fa42b33f4 -> 
  custom:video-decoder-ogg-theora: a1e56fd34408186e4bbccfd4996cb3dc -> 
  custom:framework-win-MediaFoundation: 216162199b28c13a410421893ffa2e32 -> 
  custom:CustomObjectIndexerAttribute: 72b91833f83ae208fae7752999fa3104 -> 
  custom:container-demuxer-webm: 4f35f7cbe854078d1ac9338744f61a02 -> 
  custom:scripting/monoscript/fileName/Power.cs: d22eef278e1d3ce547bef81e959c0482 -> 
  custom:container-muxer-webm: aa71ff27fc2769a1b78a27578f13a17b -> 
  custom:video-decoder-webm-vp8: 9c59270c3fd7afecdb556c50c9e8de78 -> 
  custom:SearchIndexIgnoredProperties: e643bd26f0fe6173181afceb89e7c659 -> 
  custom:AudioImporter_EditorPlatform: d09bf68614088b80899f8185d706f6e7 -> 
  custom:video-encoder-webm-vp8: eb34c28f22e8b96e1ab97ce403110664 -> 
  custom:audio-decoder-ogg-vorbis: bf7c407c2cedff20999df2af8eb42d56 -> 
  custom:audio-encoder-webm-vorbis: bf7c407c2cedff20999df2af8eb42d56 -> 
  custom:scripting/precompiled-assembly-types:Assembly-CSharp: 851961763589667e1d2aef762f5258c1 -> 67c36929a301ab3f795aef59ea829d4c
========================================================================
Received Prepare
Caller must complete domain reload
Begin MonoManager ReloadAssembly
- Loaded All Assemblies, in 11.836 seconds
Native extension for WindowsStandalone target not found
Native extension for Android target not found
Native extension for WebGL target not found
Mono: successfully reloaded assembly
- Finished resetting the current domain, in 55.641 seconds
Domain Reload Profiling: 67493ms
	BeginReloadAssembly (2401ms)
		ExecutionOrderSort (6ms)
		DisableScriptedObjects (275ms)
		BackupInstance (0ms)
		ReleaseScriptingObjects (2ms)
		CreateAndSetChildDomain (883ms)
	RebuildCommonClasses (715ms)
	RebuildNativeTypeToScriptingClass (63ms)
	initialDomainReloadingComplete (166ms)
	LoadAllAssembliesAndSetupDomain (8502ms)
		LoadAssemblies (9159ms)
		RebuildTransferFunctionScriptingTraits (0ms)
		AnalyzeDomain (243ms)
			TypeCache.Refresh (85ms)
				TypeCache.ScanAssembly (9ms)
			ScanForSourceGeneratedMonoScriptInfo (108ms)
			ResolveRequiredComponents (49ms)
	FinalizeReload (55646ms)
		ReleaseScriptCaches (0ms)
		RebuildScriptCaches (0ms)
		SetupLoadedEditorAssemblies (4023ms)
			LogAssemblyErrors (0ms)
			InitializePlatformSupportModulesInManaged (70ms)
			SetLoadedEditorAssemblies (19ms)
			RefreshPlugins (0ms)
			BeforeProcessingInitializeOnLoad (268ms)
			ProcessInitializeOnLoadAttributes (2740ms)
			ProcessInitializeOnLoadMethodAttributes (915ms)
			AfterProcessingInitializeOnLoad (7ms)
			EditorAssembliesLoaded (4ms)
		ExecutionOrderSort2 (0ms)
		AwakeInstancesAfterBackupRestoration (73ms)
Refreshing native plugins compatible for Editor in 43.89 ms, found 4 plugins.
Preloading 0 native plugins for Editor in 0.00 ms.
Unloading 5713 Unused Serialized files (Serialized files now loaded: 0)
Unloading 35 unused Assets / (0.9 MB). Loaded Objects now: 6402.
Memory consumption went from 217.6 MB to 216.7 MB.
Total: 80.667600 ms (FindLiveObjects: 3.013400 ms CreateObjectMapping: 0.614000 ms MarkObjects: 71.182000 ms  DeleteObjects: 5.855000 ms)

Prepare: number of updated asset objects reloaded= 0
AssetImportParameters requested are different than current active one (requested -> active):
  custom:container-demuxer-ogg: 62fdf1f143b41e24485cea50d1cbac27 -> 
  custom:video-codec-MediaFoundation-h265: 746d11721c4dcdbdad8f713fa42b33f4 -> 
  custom:video-decoder-ogg-theora: a1e56fd34408186e4bbccfd4996cb3dc -> 
  custom:framework-win-MediaFoundation: 216162199b28c13a410421893ffa2e32 -> 
  custom:CustomObjectIndexerAttribute: 72b91833f83ae208fae7752999fa3104 -> 
  custom:container-demuxer-webm: 4f35f7cbe854078d1ac9338744f61a02 -> 
  custom:scripting/monoscript/fileName/Power.cs: d22eef278e1d3ce547bef81e959c0482 -> 
  custom:container-muxer-webm: aa71ff27fc2769a1b78a27578f13a17b -> 
  custom:video-decoder-webm-vp8: 9c59270c3fd7afecdb556c50c9e8de78 -> 
  custom:SearchIndexIgnoredProperties: e643bd26f0fe6173181afceb89e7c659 -> 
  custom:AudioImporter_EditorPlatform: d09bf68614088b80899f8185d706f6e7 -> 
  custom:scripting/monoscript/fileName/State.cs: 98f53bd96710ca97426c9a52e9a0c000 -> db891518220a6163c151c4468d6f2be8
  custom:video-encoder-webm-vp8: eb34c28f22e8b96e1ab97ce403110664 -> 
  custom:audio-decoder-ogg-vorbis: bf7c407c2cedff20999df2af8eb42d56 -> 
  custom:audio-encoder-webm-vorbis: bf7c407c2cedff20999df2af8eb42d56 -> 
  custom:scripting/precompiled-assembly-types:Assembly-CSharp: e27814f6be5ef2444aaa1a53d0c4c4f3 -> 67c36929a301ab3f795aef59ea829d4c
========================================================================
Received Prepare
Caller must complete domain reload
Begin MonoManager ReloadAssembly
- Loaded All Assemblies, in  4.545 seconds
Native extension for WindowsStandalone target not found
Native extension for Android target not found
Native extension for WebGL target not found
Mono: successfully reloaded assembly
- Finished resetting the current domain, in  5.079 seconds
Domain Reload Profiling: 9637ms
	BeginReloadAssembly (1827ms)
		ExecutionOrderSort (3ms)
		DisableScriptedObjects (295ms)
		BackupInstance (0ms)
		ReleaseScriptingObjects (2ms)
		CreateAndSetChildDomain (657ms)
	RebuildCommonClasses (114ms)
	RebuildNativeTypeToScriptingClass (36ms)
	initialDomainReloadingComplete (126ms)
	LoadAllAssembliesAndSetupDomain (2452ms)
		LoadAssemblies (2856ms)
		RebuildTransferFunctionScriptingTraits (0ms)
		AnalyzeDomain (214ms)
			TypeCache.Refresh (82ms)
				TypeCache.ScanAssembly (5ms)
			ScanForSourceGeneratedMonoScriptInfo (87ms)
			ResolveRequiredComponents (44ms)
	FinalizeReload (5081ms)
		ReleaseScriptCaches (0ms)
		RebuildScriptCaches (0ms)
		SetupLoadedEditorAssemblies (1174ms)
			LogAssemblyErrors (0ms)
			InitializePlatformSupportModulesInManaged (61ms)
			SetLoadedEditorAssemblies (15ms)
			RefreshPlugins (0ms)
			BeforeProcessingInitializeOnLoad (180ms)
			ProcessInitializeOnLoadAttributes (720ms)
			ProcessInitializeOnLoadMethodAttributes (192ms)
			AfterProcessingInitializeOnLoad (3ms)
			EditorAssembliesLoaded (2ms)
		ExecutionOrderSort2 (0ms)
		AwakeInstancesAfterBackupRestoration (33ms)
Refreshing native plugins compatible for Editor in 101.57 ms, found 4 plugins.
Preloading 0 native plugins for Editor in 0.00 ms.
Unloading 5713 Unused Serialized files (Serialized files now loaded: 0)
Unloading 35 unused Assets / (0.9 MB). Loaded Objects now: 6408.
Memory consumption went from 217.5 MB to 216.7 MB.
Total: 28.291100 ms (FindLiveObjects: 1.581100 ms CreateObjectMapping: 0.685500 ms MarkObjects: 24.660600 ms  DeleteObjects: 1.361700 ms)

Prepare: number of updated asset objects reloaded= 0
AssetImportParameters requested are different than current active one (requested -> active):
  custom:container-demuxer-ogg: 62fdf1f143b41e24485cea50d1cbac27 -> 
  custom:video-codec-MediaFoundation-h265: 746d11721c4dcdbdad8f713fa42b33f4 -> 
  custom:video-decoder-ogg-theora: a1e56fd34408186e4bbccfd4996cb3dc -> 
  custom:framework-win-MediaFoundation: 216162199b28c13a410421893ffa2e32 -> 
  custom:CustomObjectIndexerAttribute: 72b91833f83ae208fae7752999fa3104 -> 
  custom:container-demuxer-webm: 4f35f7cbe854078d1ac9338744f61a02 -> 
  custom:scripting/monoscript/fileName/Power.cs: d22eef278e1d3ce547bef81e959c0482 -> 
  custom:container-muxer-webm: aa71ff27fc2769a1b78a27578f13a17b -> 
  custom:video-decoder-webm-vp8: 9c59270c3fd7afecdb556c50c9e8de78 -> 
  custom:SearchIndexIgnoredProperties: e643bd26f0fe6173181afceb89e7c659 -> 
  custom:AudioImporter_EditorPlatform: d09bf68614088b80899f8185d706f6e7 -> 
  custom:scripting/monoscript/fileName/State.cs: 98f53bd96710ca97426c9a52e9a0c000 -> db891518220a6163c151c4468d6f2be8
  custom:video-encoder-webm-vp8: eb34c28f22e8b96e1ab97ce403110664 -> 
  custom:audio-decoder-ogg-vorbis: bf7c407c2cedff20999df2af8eb42d56 -> 
  custom:audio-encoder-webm-vorbis: bf7c407c2cedff20999df2af8eb42d56 -> 
  custom:scripting/precompiled-assembly-types:Assembly-CSharp: e27814f6be5ef2444aaa1a53d0c4c4f3 -> 67c36929a301ab3f795aef59ea829d4c
========================================================================
Received Prepare
Caller must complete domain reload
Begin MonoManager ReloadAssembly
- Loaded All Assemblies, in  5.682 seconds
Native extension for WindowsStandalone target not found
Native extension for Android target not found
Native extension for WebGL target not found
Mono: successfully reloaded assembly
- Finished resetting the current domain, in  5.909 seconds
Domain Reload Profiling: 11600ms
	BeginReloadAssembly (495ms)
		ExecutionOrderSort (0ms)
		DisableScriptedObjects (28ms)
		BackupInstance (0ms)
		ReleaseScriptingObjects (0ms)
		CreateAndSetChildDomain (107ms)
	RebuildCommonClasses (104ms)
	RebuildNativeTypeToScriptingClass (33ms)
	initialDomainReloadingComplete (93ms)
	LoadAllAssembliesAndSetupDomain (4964ms)
		LoadAssemblies (5052ms)
		RebuildTransferFunctionScriptingTraits (0ms)
		AnalyzeDomain (201ms)
			TypeCache.Refresh (46ms)
				TypeCache.ScanAssembly (0ms)
			ScanForSourceGeneratedMonoScriptInfo (2ms)
			ResolveRequiredComponents (150ms)
	FinalizeReload (5911ms)
		ReleaseScriptCaches (0ms)
		RebuildScriptCaches (0ms)
		SetupLoadedEditorAssemblies (1166ms)
			LogAssemblyErrors (0ms)
			InitializePlatformSupportModulesInManaged (52ms)
			SetLoadedEditorAssemblies (11ms)
			RefreshPlugins (0ms)
			BeforeProcessingInitializeOnLoad (194ms)
			ProcessInitializeOnLoadAttributes (725ms)
			ProcessInitializeOnLoadMethodAttributes (177ms)
			AfterProcessingInitializeOnLoad (5ms)
			EditorAssembliesLoaded (1ms)
		ExecutionOrderSort2 (0ms)
		AwakeInstancesAfterBackupRestoration (40ms)
Refreshing native plugins compatible for Editor in 27.67 ms, found 4 plugins.
Preloading 0 native plugins for Editor in 0.00 ms.
Unloading 5713 Unused Serialized files (Serialized files now loaded: 0)
Unloading 35 unused Assets / (0.9 MB). Loaded Objects now: 6414.
Memory consumption went from 217.6 MB to 216.7 MB.
Total: 41.676200 ms (FindLiveObjects: 1.700100 ms CreateObjectMapping: 1.045300 ms MarkObjects: 33.613800 ms  DeleteObjects: 5.314100 ms)

Prepare: number of updated asset objects reloaded= 0
AssetImportParameters requested are different than current active one (requested -> active):
  custom:container-demuxer-ogg: 62fdf1f143b41e24485cea50d1cbac27 -> 
  custom:video-codec-MediaFoundation-h265: 746d11721c4dcdbdad8f713fa42b33f4 -> 
  custom:video-decoder-ogg-theora: a1e56fd34408186e4bbccfd4996cb3dc -> 
  custom:framework-win-MediaFoundation: 216162199b28c13a410421893ffa2e32 -> 
  custom:CustomObjectIndexerAttribute: 72b91833f83ae208fae7752999fa3104 -> 
  custom:container-demuxer-webm: 4f35f7cbe854078d1ac9338744f61a02 -> 
  custom:scripting/monoscript/fileName/Power.cs: d22eef278e1d3ce547bef81e959c0482 -> 
  custom:container-muxer-webm: aa71ff27fc2769a1b78a27578f13a17b -> 
  custom:video-decoder-webm-vp8: 9c59270c3fd7afecdb556c50c9e8de78 -> 
  custom:SearchIndexIgnoredProperties: e643bd26f0fe6173181afceb89e7c659 -> 
  custom:AudioImporter_EditorPlatform: d09bf68614088b80899f8185d706f6e7 -> 
  custom:scripting/monoscript/fileName/State.cs: 98f53bd96710ca97426c9a52e9a0c000 -> db891518220a6163c151c4468d6f2be8
  custom:video-encoder-webm-vp8: eb34c28f22e8b96e1ab97ce403110664 -> 
  custom:audio-decoder-ogg-vorbis: bf7c407c2cedff20999df2af8eb42d56 -> 
  custom:audio-encoder-webm-vorbis: bf7c407c2cedff20999df2af8eb42d56 -> 
  custom:scripting/precompiled-assembly-types:Assembly-CSharp: e27814f6be5ef2444aaa1a53d0c4c4f3 -> 67c36929a301ab3f795aef59ea829d4c
========================================================================
Received Prepare
Caller must complete domain reload
Begin MonoManager ReloadAssembly
- Loaded All Assemblies, in  4.937 seconds
Native extension for WindowsStandalone target not found
Native extension for Android target not found
Native extension for WebGL target not found
Mono: successfully reloaded assembly
- Finished resetting the current domain, in  8.212 seconds
Domain Reload Profiling: 13162ms
	BeginReloadAssembly (2414ms)
		ExecutionOrderSort (9ms)
		DisableScriptedObjects (686ms)
		BackupInstance (0ms)
		ReleaseScriptingObjects (4ms)
		CreateAndSetChildDomain (744ms)
	RebuildCommonClasses (78ms)
	RebuildNativeTypeToScriptingClass (34ms)
	initialDomainReloadingComplete (77ms)
	LoadAllAssembliesAndSetupDomain (2344ms)
		LoadAssemblies (2574ms)
		RebuildTransferFunctionScriptingTraits (0ms)
		AnalyzeDomain (75ms)
			TypeCache.Refresh (25ms)
				TypeCache.ScanAssembly (0ms)
			ScanForSourceGeneratedMonoScriptInfo (2ms)
			ResolveRequiredComponents (45ms)
	FinalizeReload (8214ms)
		ReleaseScriptCaches (0ms)
		RebuildScriptCaches (0ms)
		SetupLoadedEditorAssemblies (1511ms)
			LogAssemblyErrors (0ms)
			InitializePlatformSupportModulesInManaged (64ms)
			SetLoadedEditorAssemblies (17ms)
			RefreshPlugins (0ms)
			BeforeProcessingInitializeOnLoad (215ms)
			ProcessInitializeOnLoadAttributes (1015ms)
			ProcessInitializeOnLoadMethodAttributes (194ms)
			AfterProcessingInitializeOnLoad (3ms)
			EditorAssembliesLoaded (3ms)
		ExecutionOrderSort2 (0ms)
		AwakeInstancesAfterBackupRestoration (50ms)
Refreshing native plugins compatible for Editor in 123.76 ms, found 4 plugins.
Preloading 0 native plugins for Editor in 0.00 ms.
Unloading 5713 Unused Serialized files (Serialized files now loaded: 0)
Unloading 35 unused Assets / (0.9 MB). Loaded Objects now: 6420.
Memory consumption went from 217.6 MB to 216.8 MB.
Total: 168.151900 ms (FindLiveObjects: 5.928500 ms CreateObjectMapping: 3.278000 ms MarkObjects: 114.569700 ms  DeleteObjects: 44.367300 ms)

Prepare: number of updated asset objects reloaded= 0
AssetImportParameters requested are different than current active one (requested -> active):
  custom:container-demuxer-ogg: 62fdf1f143b41e24485cea50d1cbac27 -> 
  custom:video-codec-MediaFoundation-h265: 746d11721c4dcdbdad8f713fa42b33f4 -> 
  custom:video-decoder-ogg-theora: a1e56fd34408186e4bbccfd4996cb3dc -> 
  custom:framework-win-MediaFoundation: 216162199b28c13a410421893ffa2e32 -> 
  custom:CustomObjectIndexerAttribute: 72b91833f83ae208fae7752999fa3104 -> 
  custom:container-demuxer-webm: 4f35f7cbe854078d1ac9338744f61a02 -> 
  custom:scripting/monoscript/fileName/Power.cs: d22eef278e1d3ce547bef81e959c0482 -> 
  custom:container-muxer-webm: aa71ff27fc2769a1b78a27578f13a17b -> 
  custom:video-decoder-webm-vp8: 9c59270c3fd7afecdb556c50c9e8de78 -> 
  custom:SearchIndexIgnoredProperties: e643bd26f0fe6173181afceb89e7c659 -> 
  custom:AudioImporter_EditorPlatform: d09bf68614088b80899f8185d706f6e7 -> 
  custom:scripting/monoscript/fileName/State.cs: 98f53bd96710ca97426c9a52e9a0c000 -> db891518220a6163c151c4468d6f2be8
  custom:video-encoder-webm-vp8: eb34c28f22e8b96e1ab97ce403110664 -> 
  custom:audio-decoder-ogg-vorbis: bf7c407c2cedff20999df2af8eb42d56 -> 
  custom:audio-encoder-webm-vorbis: bf7c407c2cedff20999df2af8eb42d56 -> 
  custom:scripting/precompiled-assembly-types:Assembly-CSharp: e27814f6be5ef2444aaa1a53d0c4c4f3 -> 67c36929a301ab3f795aef59ea829d4c
========================================================================
Received Prepare
Caller must complete domain reload
Begin MonoManager ReloadAssembly
- Loaded All Assemblies, in  4.099 seconds
Native extension for WindowsStandalone target not found
Native extension for Android target not found
Native extension for WebGL target not found
Mono: successfully reloaded assembly
- Finished resetting the current domain, in 14.692 seconds
Domain Reload Profiling: 18797ms
	BeginReloadAssembly (793ms)
		ExecutionOrderSort (1ms)
		DisableScriptedObjects (63ms)
		BackupInstance (0ms)
		ReleaseScriptingObjects (2ms)
		CreateAndSetChildDomain (257ms)
	RebuildCommonClasses (119ms)
	RebuildNativeTypeToScriptingClass (26ms)
	initialDomainReloadingComplete (87ms)
	LoadAllAssembliesAndSetupDomain (3078ms)
		LoadAssemblies (3370ms)
		RebuildTransferFunctionScriptingTraits (0ms)
		AnalyzeDomain (86ms)
			TypeCache.Refresh (32ms)
				TypeCache.ScanAssembly (0ms)
			ScanForSourceGeneratedMonoScriptInfo (1ms)
			ResolveRequiredComponents (51ms)
	FinalizeReload (14695ms)
		ReleaseScriptCaches (0ms)
		RebuildScriptCaches (0ms)
		SetupLoadedEditorAssemblies (2686ms)
			LogAssemblyErrors (0ms)
			InitializePlatformSupportModulesInManaged (127ms)
			SetLoadedEditorAssemblies (40ms)
			RefreshPlugins (0ms)
			BeforeProcessingInitializeOnLoad (493ms)
			ProcessInitializeOnLoadAttributes (1772ms)
			ProcessInitializeOnLoadMethodAttributes (243ms)
			AfterProcessingInitializeOnLoad (8ms)
			EditorAssembliesLoaded (3ms)
		ExecutionOrderSort2 (0ms)
		AwakeInstancesAfterBackupRestoration (63ms)
Refreshing native plugins compatible for Editor in 24.63 ms, found 4 plugins.
Preloading 0 native plugins for Editor in 0.00 ms.
Unloading 5713 Unused Serialized files (Serialized files now loaded: 0)
Unloading 35 unused Assets / (0.9 MB). Loaded Objects now: 6426.
Memory consumption went from 217.6 MB to 216.8 MB.
Total: 25.954200 ms (FindLiveObjects: 2.215200 ms CreateObjectMapping: 1.233400 ms MarkObjects: 20.836700 ms  DeleteObjects: 1.661900 ms)

Prepare: number of updated asset objects reloaded= 0
AssetImportParameters requested are different than current active one (requested -> active):
  custom:container-demuxer-ogg: 62fdf1f143b41e24485cea50d1cbac27 -> 
  custom:video-codec-MediaFoundation-h265: 746d11721c4dcdbdad8f713fa42b33f4 -> 
  custom:video-decoder-ogg-theora: a1e56fd34408186e4bbccfd4996cb3dc -> 
  custom:framework-win-MediaFoundation: 216162199b28c13a410421893ffa2e32 -> 
  custom:CustomObjectIndexerAttribute: 72b91833f83ae208fae7752999fa3104 -> 
  custom:container-demuxer-webm: 4f35f7cbe854078d1ac9338744f61a02 -> 
  custom:scripting/monoscript/fileName/Power.cs: d22eef278e1d3ce547bef81e959c0482 -> 
  custom:container-muxer-webm: aa71ff27fc2769a1b78a27578f13a17b -> 
  custom:video-decoder-webm-vp8: 9c59270c3fd7afecdb556c50c9e8de78 -> 
  custom:SearchIndexIgnoredProperties: e643bd26f0fe6173181afceb89e7c659 -> 
  custom:AudioImporter_EditorPlatform: d09bf68614088b80899f8185d706f6e7 -> 
  custom:scripting/monoscript/fileName/State.cs: 98f53bd96710ca97426c9a52e9a0c000 -> db891518220a6163c151c4468d6f2be8
  custom:video-encoder-webm-vp8: eb34c28f22e8b96e1ab97ce403110664 -> 
  custom:audio-decoder-ogg-vorbis: bf7c407c2cedff20999df2af8eb42d56 -> 
  custom:audio-encoder-webm-vorbis: bf7c407c2cedff20999df2af8eb42d56 -> 
  custom:scripting/precompiled-assembly-types:Assembly-CSharp: e27814f6be5ef2444aaa1a53d0c4c4f3 -> 67c36929a301ab3f795aef59ea829d4c
========================================================================
Received Prepare
Caller must complete domain reload
Begin MonoManager ReloadAssembly
- Loaded All Assemblies, in  5.416 seconds
Native extension for WindowsStandalone target not found
Native extension for Android target not found
Native extension for WebGL target not found
Mono: successfully reloaded assembly
- Finished resetting the current domain, in 16.856 seconds
Domain Reload Profiling: 22498ms
	BeginReloadAssembly (1721ms)
		ExecutionOrderSort (1ms)
		DisableScriptedObjects (145ms)
		BackupInstance (0ms)
		ReleaseScriptingObjects (2ms)
		CreateAndSetChildDomain (712ms)
	RebuildCommonClasses (394ms)
	RebuildNativeTypeToScriptingClass (54ms)
	initialDomainReloadingComplete (241ms)
	LoadAllAssembliesAndSetupDomain (3226ms)
		LoadAssemblies (3266ms)
		RebuildTransferFunctionScriptingTraits (0ms)
		AnalyzeDomain (428ms)
			TypeCache.Refresh (174ms)
				TypeCache.ScanAssembly (0ms)
			ScanForSourceGeneratedMonoScriptInfo (2ms)
			ResolveRequiredComponents (249ms)
	FinalizeReload (16861ms)
		ReleaseScriptCaches (0ms)
		RebuildScriptCaches (0ms)
		SetupLoadedEditorAssemblies (3541ms)
			LogAssemblyErrors (0ms)
			InitializePlatformSupportModulesInManaged (149ms)
			SetLoadedEditorAssemblies (28ms)
			RefreshPlugins (0ms)
			BeforeProcessingInitializeOnLoad (371ms)
			ProcessInitializeOnLoadAttributes (2535ms)
			ProcessInitializeOnLoadMethodAttributes (450ms)
			AfterProcessingInitializeOnLoad (7ms)
			EditorAssembliesLoaded (2ms)
		ExecutionOrderSort2 (0ms)
		AwakeInstancesAfterBackupRestoration (61ms)
Refreshing native plugins compatible for Editor in 48.70 ms, found 4 plugins.
Preloading 0 native plugins for Editor in 0.00 ms.
Unloading 5713 Unused Serialized files (Serialized files now loaded: 0)
Unloading 35 unused Assets / (0.9 MB). Loaded Objects now: 6432.
Memory consumption went from 217.6 MB to 216.8 MB.
Total: 34.374000 ms (FindLiveObjects: 1.101000 ms CreateObjectMapping: 0.525100 ms MarkObjects: 22.307600 ms  DeleteObjects: 10.437300 ms)

Prepare: number of updated asset objects reloaded= 0
AssetImportParameters requested are different than current active one (requested -> active):
  custom:container-demuxer-ogg: 62fdf1f143b41e24485cea50d1cbac27 -> 
  custom:video-codec-MediaFoundation-h265: 746d11721c4dcdbdad8f713fa42b33f4 -> 
  custom:video-decoder-ogg-theora: a1e56fd34408186e4bbccfd4996cb3dc -> 
  custom:framework-win-MediaFoundation: 216162199b28c13a410421893ffa2e32 -> 
  custom:CustomObjectIndexerAttribute: 72b91833f83ae208fae7752999fa3104 -> 
  custom:container-demuxer-webm: 4f35f7cbe854078d1ac9338744f61a02 -> 
  custom:scripting/monoscript/fileName/Power.cs: d22eef278e1d3ce547bef81e959c0482 -> 
  custom:container-muxer-webm: aa71ff27fc2769a1b78a27578f13a17b -> 
  custom:video-decoder-webm-vp8: 9c59270c3fd7afecdb556c50c9e8de78 -> 
  custom:SearchIndexIgnoredProperties: e643bd26f0fe6173181afceb89e7c659 -> 
  custom:AudioImporter_EditorPlatform: d09bf68614088b80899f8185d706f6e7 -> 
  custom:scripting/monoscript/fileName/State.cs: 98f53bd96710ca97426c9a52e9a0c000 -> db891518220a6163c151c4468d6f2be8
  custom:video-encoder-webm-vp8: eb34c28f22e8b96e1ab97ce403110664 -> 
  custom:audio-decoder-ogg-vorbis: bf7c407c2cedff20999df2af8eb42d56 -> 
  custom:audio-encoder-webm-vorbis: bf7c407c2cedff20999df2af8eb42d56 -> 
  custom:scripting/precompiled-assembly-types:Assembly-CSharp: e27814f6be5ef2444aaa1a53d0c4c4f3 -> 67c36929a301ab3f795aef59ea829d4c
========================================================================
Received Prepare
Caller must complete domain reload
Begin MonoManager ReloadAssembly
- Loaded All Assemblies, in  4.073 seconds
Native extension for WindowsStandalone target not found
Native extension for Android target not found
Native extension for WebGL target not found
Mono: successfully reloaded assembly
- Finished resetting the current domain, in  6.759 seconds
Domain Reload Profiling: 10879ms
	BeginReloadAssembly (2064ms)
		ExecutionOrderSort (0ms)
		DisableScriptedObjects (95ms)
		BackupInstance (0ms)
		ReleaseScriptingObjects (2ms)
		CreateAndSetChildDomain (1420ms)
	RebuildCommonClasses (85ms)
	RebuildNativeTypeToScriptingClass (33ms)
	initialDomainReloadingComplete (71ms)
	LoadAllAssembliesAndSetupDomain (1860ms)
		LoadAssemblies (1882ms)
		RebuildTransferFunctionScriptingTraits (0ms)
		AnalyzeDomain (350ms)
			TypeCache.Refresh (164ms)
				TypeCache.ScanAssembly (0ms)
			ScanForSourceGeneratedMonoScriptInfo (17ms)
			ResolveRequiredComponents (167ms)
	FinalizeReload (6766ms)
		ReleaseScriptCaches (0ms)
		RebuildScriptCaches (0ms)
		SetupLoadedEditorAssemblies (1142ms)
			LogAssemblyErrors (0ms)
			InitializePlatformSupportModulesInManaged (51ms)
			SetLoadedEditorAssemblies (11ms)
			RefreshPlugins (0ms)
			BeforeProcessingInitializeOnLoad (186ms)
			ProcessInitializeOnLoadAttributes (680ms)
			ProcessInitializeOnLoadMethodAttributes (207ms)
			AfterProcessingInitializeOnLoad (5ms)
			EditorAssembliesLoaded (1ms)
		ExecutionOrderSort2 (0ms)
		AwakeInstancesAfterBackupRestoration (42ms)
Refreshing native plugins compatible for Editor in 21.76 ms, found 4 plugins.
Preloading 0 native plugins for Editor in 0.00 ms.
Unloading 5713 Unused Serialized files (Serialized files now loaded: 0)
Unloading 35 unused Assets / (0.9 MB). Loaded Objects now: 6438.
Memory consumption went from 217.6 MB to 216.7 MB.
Total: 18.051200 ms (FindLiveObjects: 1.479100 ms CreateObjectMapping: 0.986200 ms MarkObjects: 14.570100 ms  DeleteObjects: 1.012100 ms)

Prepare: number of updated asset objects reloaded= 0
AssetImportParameters requested are different than current active one (requested -> active):
  custom:container-demuxer-ogg: 62fdf1f143b41e24485cea50d1cbac27 -> 
  custom:video-codec-MediaFoundation-h265: 746d11721c4dcdbdad8f713fa42b33f4 -> 
  custom:video-decoder-ogg-theora: a1e56fd34408186e4bbccfd4996cb3dc -> 
  custom:framework-win-MediaFoundation: 216162199b28c13a410421893ffa2e32 -> 
  custom:CustomObjectIndexerAttribute: 72b91833f83ae208fae7752999fa3104 -> 
  custom:container-demuxer-webm: 4f35f7cbe854078d1ac9338744f61a02 -> 
  custom:scripting/monoscript/fileName/Power.cs: d22eef278e1d3ce547bef81e959c0482 -> 
  custom:container-muxer-webm: aa71ff27fc2769a1b78a27578f13a17b -> 
  custom:video-decoder-webm-vp8: 9c59270c3fd7afecdb556c50c9e8de78 -> 
  custom:SearchIndexIgnoredProperties: e643bd26f0fe6173181afceb89e7c659 -> 
  custom:AudioImporter_EditorPlatform: d09bf68614088b80899f8185d706f6e7 -> 
  custom:scripting/monoscript/fileName/State.cs: 98f53bd96710ca97426c9a52e9a0c000 -> db891518220a6163c151c4468d6f2be8
  custom:video-encoder-webm-vp8: eb34c28f22e8b96e1ab97ce403110664 -> 
  custom:audio-decoder-ogg-vorbis: bf7c407c2cedff20999df2af8eb42d56 -> 
  custom:audio-encoder-webm-vorbis: bf7c407c2cedff20999df2af8eb42d56 -> 
  custom:scripting/precompiled-assembly-types:Assembly-CSharp: e27814f6be5ef2444aaa1a53d0c4c4f3 -> 67c36929a301ab3f795aef59ea829d4c
========================================================================
Received Import Request.
  Time since last request: 8678.891908 seconds.
  path: Assets/Art/敌人.prefab
  artifactKey: Guid(3d2367143e8ceb24fa85f64742d3058c) Importer(815301076,1909f56bfc062723c751e8b465ee728b)
Start importing Assets/Art/敌人.prefab using Guid(3d2367143e8ceb24fa85f64742d3058c) Importer(815301076,1909f56bfc062723c751e8b465ee728b) [PhysX] Initialized MultithreadedTaskDispatcher with 8 workers.
 -> (artifact id: 'e1ab57cf5b0ac3fd824010c4f09d79d2') in 3.707370 seconds
Number of updated asset objects reloaded before import = 0
Number of asset objects unloaded after import = 42
========================================================================
Received Import Request.
  Time since last request: 481.842941 seconds.
  path: Assets/Scripts/Monster/ShowShiled.cs
  artifactKey: Guid(0dbe39f176e91ba4fbc2fa550378e269) Importer(815301076,1909f56bfc062723c751e8b465ee728b)
Start importing Assets/Scripts/Monster/ShowShiled.cs using Guid(0dbe39f176e91ba4fbc2fa550378e269) Importer(815301076,1909f56bfc062723c751e8b465ee728b) [PhysX] Initialized MultithreadedTaskDispatcher with 8 workers.
 -> (artifact id: 'eabc893bb8b1fd0b73e4e34a47abccb1') in 0.377027 seconds
Number of updated asset objects reloaded before import = 0
Number of asset objects unloaded after import = 0
========================================================================
Received Prepare
Caller must complete domain reload
Begin MonoManager ReloadAssembly
- Loaded All Assemblies, in 12.623 seconds
Native extension for WindowsStandalone target not found
Native extension for Android target not found
Native extension for WebGL target not found
Mono: successfully reloaded assembly
- Finished resetting the current domain, in  8.932 seconds
Domain Reload Profiling: 21607ms
	BeginReloadAssembly (5030ms)
		ExecutionOrderSort (3ms)
		DisableScriptedObjects (362ms)
		BackupInstance (0ms)
		ReleaseScriptingObjects (3ms)
		CreateAndSetChildDomain (2819ms)
	RebuildCommonClasses (170ms)
	RebuildNativeTypeToScriptingClass (39ms)
	initialDomainReloadingComplete (149ms)
	LoadAllAssembliesAndSetupDomain (7284ms)
		LoadAssemblies (8082ms)
		RebuildTransferFunctionScriptingTraits (0ms)
		AnalyzeDomain (560ms)
			TypeCache.Refresh (189ms)
				TypeCache.ScanAssembly (13ms)
			ScanForSourceGeneratedMonoScriptInfo (202ms)
			ResolveRequiredComponents (167ms)
	FinalizeReload (8935ms)
		ReleaseScriptCaches (0ms)
		RebuildScriptCaches (0ms)
		SetupLoadedEditorAssemblies (2469ms)
			LogAssemblyErrors (0ms)
			InitializePlatformSupportModulesInManaged (65ms)
			SetLoadedEditorAssemblies (15ms)
			RefreshPlugins (0ms)
			BeforeProcessingInitializeOnLoad (239ms)
			ProcessInitializeOnLoadAttributes (1857ms)
			ProcessInitializeOnLoadMethodAttributes (287ms)
			AfterProcessingInitializeOnLoad (5ms)
			EditorAssembliesLoaded (1ms)
		ExecutionOrderSort2 (0ms)
		AwakeInstancesAfterBackupRestoration (69ms)
Refreshing native plugins compatible for Editor in 20.60 ms, found 4 plugins.
Preloading 0 native plugins for Editor in 0.00 ms.
Unloading 5714 Unused Serialized files (Serialized files now loaded: 0)
Unloading 36 unused Assets / (0.9 MB). Loaded Objects now: 6447.
Memory consumption went from 217.8 MB to 216.9 MB.
Total: 16.132100 ms (FindLiveObjects: 0.987600 ms CreateObjectMapping: 0.312900 ms MarkObjects: 12.976200 ms  DeleteObjects: 1.851500 ms)

Prepare: number of updated asset objects reloaded= 0
AssetImportParameters requested are different than current active one (requested -> active):
  custom:container-demuxer-ogg: 62fdf1f143b41e24485cea50d1cbac27 -> 
  custom:video-codec-MediaFoundation-h265: 746d11721c4dcdbdad8f713fa42b33f4 -> 
  custom:video-decoder-ogg-theora: a1e56fd34408186e4bbccfd4996cb3dc -> 
  custom:framework-win-MediaFoundation: 216162199b28c13a410421893ffa2e32 -> 
  custom:CustomObjectIndexerAttribute: 72b91833f83ae208fae7752999fa3104 -> 
  custom:container-demuxer-webm: 4f35f7cbe854078d1ac9338744f61a02 -> 
  custom:scripting/monoscript/fileName/Power.cs: d22eef278e1d3ce547bef81e959c0482 -> 
  custom:container-muxer-webm: aa71ff27fc2769a1b78a27578f13a17b -> 
  custom:video-decoder-webm-vp8: 9c59270c3fd7afecdb556c50c9e8de78 -> 
  custom:SearchIndexIgnoredProperties: e643bd26f0fe6173181afceb89e7c659 -> 
  custom:AudioImporter_EditorPlatform: d09bf68614088b80899f8185d706f6e7 -> 
  custom:scripting/monoscript/fileName/State.cs: 98f53bd96710ca97426c9a52e9a0c000 -> db891518220a6163c151c4468d6f2be8
  custom:video-encoder-webm-vp8: eb34c28f22e8b96e1ab97ce403110664 -> 
  custom:audio-decoder-ogg-vorbis: bf7c407c2cedff20999df2af8eb42d56 -> 
  custom:scripting/monoscript/fileName/ShowShiled.cs: e809a5382110abb526ce8d91e09ca162 -> 
  custom:audio-encoder-webm-vorbis: bf7c407c2cedff20999df2af8eb42d56 -> 
  custom:scripting/precompiled-assembly-types:Assembly-CSharp: 8cea5c0d91197b70ff4a9aaca1e7354a -> 67c36929a301ab3f795aef59ea829d4c
========================================================================
Received Prepare
Caller must complete domain reload
Begin MonoManager ReloadAssembly
- Loaded All Assemblies, in  5.616 seconds
Native extension for WindowsStandalone target not found
Native extension for Android target not found
Native extension for WebGL target not found
Mono: successfully reloaded assembly
- Finished resetting the current domain, in  6.658 seconds
Domain Reload Profiling: 12382ms
	BeginReloadAssembly (1050ms)
		ExecutionOrderSort (1ms)
		DisableScriptedObjects (81ms)
		BackupInstance (0ms)
		ReleaseScriptingObjects (2ms)
		CreateAndSetChildDomain (328ms)
	RebuildCommonClasses (105ms)
	RebuildNativeTypeToScriptingClass (36ms)
	initialDomainReloadingComplete (94ms)
	LoadAllAssembliesAndSetupDomain (4437ms)
		LoadAssemblies (4575ms)
		RebuildTransferFunctionScriptingTraits (0ms)
		AnalyzeDomain (242ms)
			TypeCache.Refresh (76ms)
				TypeCache.ScanAssembly (6ms)
			ScanForSourceGeneratedMonoScriptInfo (90ms)
			ResolveRequiredComponents (75ms)
	FinalizeReload (6660ms)
		ReleaseScriptCaches (0ms)
		RebuildScriptCaches (0ms)
		SetupLoadedEditorAssemblies (1141ms)
			LogAssemblyErrors (0ms)
			InitializePlatformSupportModulesInManaged (47ms)
			SetLoadedEditorAssemblies (11ms)
			RefreshPlugins (0ms)
			BeforeProcessingInitializeOnLoad (166ms)
			ProcessInitializeOnLoadAttributes (738ms)
			ProcessInitializeOnLoadMethodAttributes (172ms)
			AfterProcessingInitializeOnLoad (6ms)
			EditorAssembliesLoaded (1ms)
		ExecutionOrderSort2 (0ms)
		AwakeInstancesAfterBackupRestoration (40ms)
Refreshing native plugins compatible for Editor in 15.83 ms, found 4 plugins.
Preloading 0 native plugins for Editor in 0.00 ms.
Unloading 5714 Unused Serialized files (Serialized files now loaded: 0)
Unloading 35 unused Assets / (0.9 MB). Loaded Objects now: 6453.
Memory consumption went from 217.8 MB to 216.9 MB.
Total: 17.971800 ms (FindLiveObjects: 1.175100 ms CreateObjectMapping: 0.611200 ms MarkObjects: 15.294800 ms  DeleteObjects: 0.887300 ms)

Prepare: number of updated asset objects reloaded= 0
AssetImportParameters requested are different than current active one (requested -> active):
  custom:container-demuxer-ogg: 62fdf1f143b41e24485cea50d1cbac27 -> 
  custom:video-codec-MediaFoundation-h265: 746d11721c4dcdbdad8f713fa42b33f4 -> 
  custom:video-decoder-ogg-theora: a1e56fd34408186e4bbccfd4996cb3dc -> 
  custom:framework-win-MediaFoundation: 216162199b28c13a410421893ffa2e32 -> 
  custom:CustomObjectIndexerAttribute: 72b91833f83ae208fae7752999fa3104 -> 
  custom:container-demuxer-webm: 4f35f7cbe854078d1ac9338744f61a02 -> 
  custom:scripting/monoscript/fileName/Power.cs: d22eef278e1d3ce547bef81e959c0482 -> 
  custom:container-muxer-webm: aa71ff27fc2769a1b78a27578f13a17b -> 
  custom:video-decoder-webm-vp8: 9c59270c3fd7afecdb556c50c9e8de78 -> 
  custom:SearchIndexIgnoredProperties: e643bd26f0fe6173181afceb89e7c659 -> 
  custom:AudioImporter_EditorPlatform: d09bf68614088b80899f8185d706f6e7 -> 
  custom:scripting/monoscript/fileName/State.cs: 98f53bd96710ca97426c9a52e9a0c000 -> db891518220a6163c151c4468d6f2be8
  custom:video-encoder-webm-vp8: eb34c28f22e8b96e1ab97ce403110664 -> 
  custom:audio-decoder-ogg-vorbis: bf7c407c2cedff20999df2af8eb42d56 -> 
  custom:scripting/monoscript/fileName/ShowShiled.cs: e809a5382110abb526ce8d91e09ca162 -> 
  custom:audio-encoder-webm-vorbis: bf7c407c2cedff20999df2af8eb42d56 -> 
  custom:scripting/precompiled-assembly-types:Assembly-CSharp: 8cea5c0d91197b70ff4a9aaca1e7354a -> 67c36929a301ab3f795aef59ea829d4c
========================================================================
Received Prepare
Caller must complete domain reload
Begin MonoManager ReloadAssembly
- Loaded All Assemblies, in  4.972 seconds
Native extension for WindowsStandalone target not found
Native extension for Android target not found
Native extension for WebGL target not found
Mono: successfully reloaded assembly
- Finished resetting the current domain, in  5.551 seconds
Domain Reload Profiling: 10536ms
	BeginReloadAssembly (1806ms)
		ExecutionOrderSort (2ms)
		DisableScriptedObjects (587ms)
		BackupInstance (0ms)
		ReleaseScriptingObjects (2ms)
		CreateAndSetChildDomain (469ms)
	RebuildCommonClasses (80ms)
	RebuildNativeTypeToScriptingClass (29ms)
	initialDomainReloadingComplete (79ms)
	LoadAllAssembliesAndSetupDomain (2989ms)
		LoadAssemblies (3190ms)
		RebuildTransferFunctionScriptingTraits (0ms)
		AnalyzeDomain (197ms)
			TypeCache.Refresh (66ms)
				TypeCache.ScanAssembly (3ms)
			ScanForSourceGeneratedMonoScriptInfo (85ms)
			ResolveRequiredComponents (44ms)
	FinalizeReload (5553ms)
		ReleaseScriptCaches (0ms)
		RebuildScriptCaches (0ms)
		SetupLoadedEditorAssemblies (1554ms)
			LogAssemblyErrors (0ms)
			InitializePlatformSupportModulesInManaged (49ms)
			SetLoadedEditorAssemblies (9ms)
			RefreshPlugins (0ms)
			BeforeProcessingInitializeOnLoad (249ms)
			ProcessInitializeOnLoadAttributes (1080ms)
			ProcessInitializeOnLoadMethodAttributes (162ms)
			AfterProcessingInitializeOnLoad (3ms)
			EditorAssembliesLoaded (1ms)
		ExecutionOrderSort2 (0ms)
		AwakeInstancesAfterBackupRestoration (30ms)
Refreshing native plugins compatible for Editor in 46.99 ms, found 4 plugins.
Preloading 0 native plugins for Editor in 0.00 ms.
Unloading 5714 Unused Serialized files (Serialized files now loaded: 0)
Unloading 35 unused Assets / (0.9 MB). Loaded Objects now: 6459.
Memory consumption went from 217.8 MB to 216.9 MB.
Total: 16.623700 ms (FindLiveObjects: 1.157200 ms CreateObjectMapping: 0.368100 ms MarkObjects: 13.966900 ms  DeleteObjects: 1.129100 ms)

Prepare: number of updated asset objects reloaded= 0
AssetImportParameters requested are different than current active one (requested -> active):
  custom:container-demuxer-ogg: 62fdf1f143b41e24485cea50d1cbac27 -> 
  custom:video-codec-MediaFoundation-h265: 746d11721c4dcdbdad8f713fa42b33f4 -> 
  custom:video-decoder-ogg-theora: a1e56fd34408186e4bbccfd4996cb3dc -> 
  custom:framework-win-MediaFoundation: 216162199b28c13a410421893ffa2e32 -> 
  custom:CustomObjectIndexerAttribute: 72b91833f83ae208fae7752999fa3104 -> 
  custom:container-demuxer-webm: 4f35f7cbe854078d1ac9338744f61a02 -> 
  custom:scripting/monoscript/fileName/Power.cs: d22eef278e1d3ce547bef81e959c0482 -> 
  custom:container-muxer-webm: aa71ff27fc2769a1b78a27578f13a17b -> 
  custom:video-decoder-webm-vp8: 9c59270c3fd7afecdb556c50c9e8de78 -> 
  custom:SearchIndexIgnoredProperties: e643bd26f0fe6173181afceb89e7c659 -> 
  custom:AudioImporter_EditorPlatform: d09bf68614088b80899f8185d706f6e7 -> 
  custom:scripting/monoscript/fileName/State.cs: 98f53bd96710ca97426c9a52e9a0c000 -> db891518220a6163c151c4468d6f2be8
  custom:video-encoder-webm-vp8: eb34c28f22e8b96e1ab97ce403110664 -> 
  custom:audio-decoder-ogg-vorbis: bf7c407c2cedff20999df2af8eb42d56 -> 
  custom:scripting/monoscript/fileName/ShowShiled.cs: e809a5382110abb526ce8d91e09ca162 -> 
  custom:audio-encoder-webm-vorbis: bf7c407c2cedff20999df2af8eb42d56 -> 
  custom:scripting/precompiled-assembly-types:Assembly-CSharp: 8cea5c0d91197b70ff4a9aaca1e7354a -> 67c36929a301ab3f795aef59ea829d4c
========================================================================
Received Prepare
Caller must complete domain reload
Begin MonoManager ReloadAssembly
- Loaded All Assemblies, in  2.726 seconds
Native extension for WindowsStandalone target not found
Native extension for Android target not found
Native extension for WebGL target not found
Mono: successfully reloaded assembly
- Finished resetting the current domain, in  5.719 seconds
Domain Reload Profiling: 8461ms
	BeginReloadAssembly (538ms)
		ExecutionOrderSort (0ms)
		DisableScriptedObjects (32ms)
		BackupInstance (0ms)
		ReleaseScriptingObjects (0ms)
		CreateAndSetChildDomain (101ms)
	RebuildCommonClasses (90ms)
	RebuildNativeTypeToScriptingClass (38ms)
	initialDomainReloadingComplete (69ms)
	LoadAllAssembliesAndSetupDomain (2006ms)
		LoadAssemblies (2238ms)
		RebuildTransferFunctionScriptingTraits (0ms)
		AnalyzeDomain (96ms)
			TypeCache.Refresh (46ms)
				TypeCache.ScanAssembly (0ms)
			ScanForSourceGeneratedMonoScriptInfo (1ms)
			ResolveRequiredComponents (44ms)
	FinalizeReload (5721ms)
		ReleaseScriptCaches (0ms)
		RebuildScriptCaches (0ms)
		SetupLoadedEditorAssemblies (1476ms)
			LogAssemblyErrors (0ms)
			InitializePlatformSupportModulesInManaged (62ms)
			SetLoadedEditorAssemblies (12ms)
			RefreshPlugins (0ms)
			BeforeProcessingInitializeOnLoad (218ms)
			ProcessInitializeOnLoadAttributes (955ms)
			ProcessInitializeOnLoadMethodAttributes (220ms)
			AfterProcessingInitializeOnLoad (6ms)
			EditorAssembliesLoaded (3ms)
		ExecutionOrderSort2 (0ms)
		AwakeInstancesAfterBackupRestoration (41ms)
Refreshing native plugins compatible for Editor in 14.01 ms, found 4 plugins.
Preloading 0 native plugins for Editor in 0.00 ms.
Unloading 5714 Unused Serialized files (Serialized files now loaded: 0)
Unloading 35 unused Assets / (0.9 MB). Loaded Objects now: 6465.
Memory consumption went from 217.8 MB to 216.9 MB.
Total: 16.758300 ms (FindLiveObjects: 1.459700 ms CreateObjectMapping: 0.865300 ms MarkObjects: 13.042000 ms  DeleteObjects: 1.389100 ms)

Prepare: number of updated asset objects reloaded= 0
AssetImportParameters requested are different than current active one (requested -> active):
  custom:container-demuxer-ogg: 62fdf1f143b41e24485cea50d1cbac27 -> 
  custom:video-codec-MediaFoundation-h265: 746d11721c4dcdbdad8f713fa42b33f4 -> 
  custom:video-decoder-ogg-theora: a1e56fd34408186e4bbccfd4996cb3dc -> 
  custom:framework-win-MediaFoundation: 216162199b28c13a410421893ffa2e32 -> 
  custom:CustomObjectIndexerAttribute: 72b91833f83ae208fae7752999fa3104 -> 
  custom:container-demuxer-webm: 4f35f7cbe854078d1ac9338744f61a02 -> 
  custom:scripting/monoscript/fileName/Power.cs: d22eef278e1d3ce547bef81e959c0482 -> 
  custom:container-muxer-webm: aa71ff27fc2769a1b78a27578f13a17b -> 
  custom:video-decoder-webm-vp8: 9c59270c3fd7afecdb556c50c9e8de78 -> 
  custom:SearchIndexIgnoredProperties: e643bd26f0fe6173181afceb89e7c659 -> 
  custom:AudioImporter_EditorPlatform: d09bf68614088b80899f8185d706f6e7 -> 
  custom:scripting/monoscript/fileName/State.cs: 98f53bd96710ca97426c9a52e9a0c000 -> db891518220a6163c151c4468d6f2be8
  custom:video-encoder-webm-vp8: eb34c28f22e8b96e1ab97ce403110664 -> 
  custom:audio-decoder-ogg-vorbis: bf7c407c2cedff20999df2af8eb42d56 -> 
  custom:scripting/monoscript/fileName/ShowShiled.cs: e809a5382110abb526ce8d91e09ca162 -> 
  custom:audio-encoder-webm-vorbis: bf7c407c2cedff20999df2af8eb42d56 -> 
  custom:scripting/precompiled-assembly-types:Assembly-CSharp: 8cea5c0d91197b70ff4a9aaca1e7354a -> 67c36929a301ab3f795aef59ea829d4c
========================================================================
Received Prepare
Caller must complete domain reload
Begin MonoManager ReloadAssembly
- Loaded All Assemblies, in  3.769 seconds
Native extension for WindowsStandalone target not found
Native extension for Android target not found
Native extension for WebGL target not found
Mono: successfully reloaded assembly
- Finished resetting the current domain, in  6.262 seconds
Domain Reload Profiling: 10057ms
	BeginReloadAssembly (740ms)
		ExecutionOrderSort (1ms)
		DisableScriptedObjects (60ms)
		BackupInstance (0ms)
		ReleaseScriptingObjects (1ms)
		CreateAndSetChildDomain (150ms)
	RebuildCommonClasses (98ms)
	RebuildNativeTypeToScriptingClass (26ms)
	initialDomainReloadingComplete (88ms)
	LoadAllAssembliesAndSetupDomain (2841ms)
		LoadAssemblies (2964ms)
		RebuildTransferFunctionScriptingTraits (0ms)
		AnalyzeDomain (274ms)
			TypeCache.Refresh (122ms)
				TypeCache.ScanAssembly (0ms)
			ScanForSourceGeneratedMonoScriptInfo (1ms)
			ResolveRequiredComponents (149ms)
	FinalizeReload (6263ms)
		ReleaseScriptCaches (0ms)
		RebuildScriptCaches (0ms)
		SetupLoadedEditorAssemblies (1715ms)
			LogAssemblyErrors (0ms)
			InitializePlatformSupportModulesInManaged (54ms)
			SetLoadedEditorAssemblies (9ms)
			RefreshPlugins (0ms)
			BeforeProcessingInitializeOnLoad (451ms)
			ProcessInitializeOnLoadAttributes (1005ms)
			ProcessInitializeOnLoadMethodAttributes (191ms)
			AfterProcessingInitializeOnLoad (3ms)
			EditorAssembliesLoaded (1ms)
		ExecutionOrderSort2 (0ms)
		AwakeInstancesAfterBackupRestoration (35ms)
Refreshing native plugins compatible for Editor in 41.09 ms, found 4 plugins.
Preloading 0 native plugins for Editor in 0.00 ms.
Unloading 5714 Unused Serialized files (Serialized files now loaded: 0)
Unloading 35 unused Assets / (0.9 MB). Loaded Objects now: 6471.
Memory consumption went from 217.8 MB to 216.9 MB.
Total: 61.440700 ms (FindLiveObjects: 3.192100 ms CreateObjectMapping: 1.710300 ms MarkObjects: 53.963800 ms  DeleteObjects: 2.568800 ms)

Prepare: number of updated asset objects reloaded= 0
AssetImportParameters requested are different than current active one (requested -> active):
  custom:container-demuxer-ogg: 62fdf1f143b41e24485cea50d1cbac27 -> 
  custom:video-codec-MediaFoundation-h265: 746d11721c4dcdbdad8f713fa42b33f4 -> 
  custom:video-decoder-ogg-theora: a1e56fd34408186e4bbccfd4996cb3dc -> 
  custom:framework-win-MediaFoundation: 216162199b28c13a410421893ffa2e32 -> 
  custom:CustomObjectIndexerAttribute: 72b91833f83ae208fae7752999fa3104 -> 
  custom:container-demuxer-webm: 4f35f7cbe854078d1ac9338744f61a02 -> 
  custom:scripting/monoscript/fileName/Power.cs: d22eef278e1d3ce547bef81e959c0482 -> 
  custom:container-muxer-webm: aa71ff27fc2769a1b78a27578f13a17b -> 
  custom:video-decoder-webm-vp8: 9c59270c3fd7afecdb556c50c9e8de78 -> 
  custom:SearchIndexIgnoredProperties: e643bd26f0fe6173181afceb89e7c659 -> 
  custom:AudioImporter_EditorPlatform: d09bf68614088b80899f8185d706f6e7 -> 
  custom:scripting/monoscript/fileName/State.cs: 98f53bd96710ca97426c9a52e9a0c000 -> db891518220a6163c151c4468d6f2be8
  custom:video-encoder-webm-vp8: eb34c28f22e8b96e1ab97ce403110664 -> 
  custom:audio-decoder-ogg-vorbis: bf7c407c2cedff20999df2af8eb42d56 -> 
  custom:scripting/monoscript/fileName/ShowShiled.cs: e809a5382110abb526ce8d91e09ca162 -> 
  custom:audio-encoder-webm-vorbis: bf7c407c2cedff20999df2af8eb42d56 -> 
  custom:scripting/precompiled-assembly-types:Assembly-CSharp: 8cea5c0d91197b70ff4a9aaca1e7354a -> 67c36929a301ab3f795aef59ea829d4c
========================================================================
Received Prepare
Caller must complete domain reload
Begin MonoManager ReloadAssembly
- Loaded All Assemblies, in  7.705 seconds
Native extension for WindowsStandalone target not found
Native extension for Android target not found
Native extension for WebGL target not found
Mono: successfully reloaded assembly
- Finished resetting the current domain, in  7.438 seconds
Domain Reload Profiling: 15159ms
	BeginReloadAssembly (3062ms)
		ExecutionOrderSort (0ms)
		DisableScriptedObjects (172ms)
		BackupInstance (0ms)
		ReleaseScriptingObjects (2ms)
		CreateAndSetChildDomain (1868ms)
	RebuildCommonClasses (107ms)
	RebuildNativeTypeToScriptingClass (34ms)
	initialDomainReloadingComplete (95ms)
	LoadAllAssembliesAndSetupDomain (4421ms)
		LoadAssemblies (5097ms)
		RebuildTransferFunctionScriptingTraits (0ms)
		AnalyzeDomain (112ms)
			TypeCache.Refresh (41ms)
				TypeCache.ScanAssembly (0ms)
			ScanForSourceGeneratedMonoScriptInfo (1ms)
			ResolveRequiredComponents (67ms)
	FinalizeReload (7440ms)
		ReleaseScriptCaches (0ms)
		RebuildScriptCaches (0ms)
		SetupLoadedEditorAssemblies (1324ms)
			LogAssemblyErrors (0ms)
			InitializePlatformSupportModulesInManaged (83ms)
			SetLoadedEditorAssemblies (11ms)
			RefreshPlugins (0ms)
			BeforeProcessingInitializeOnLoad (229ms)
			ProcessInitializeOnLoadAttributes (844ms)
			ProcessInitializeOnLoadMethodAttributes (151ms)
			AfterProcessingInitializeOnLoad (3ms)
			EditorAssembliesLoaded (1ms)
		ExecutionOrderSort2 (0ms)
		AwakeInstancesAfterBackupRestoration (27ms)
Refreshing native plugins compatible for Editor in 44.97 ms, found 4 plugins.
Preloading 0 native plugins for Editor in 0.00 ms.
Unloading 5714 Unused Serialized files (Serialized files now loaded: 0)
Unloading 35 unused Assets / (0.9 MB). Loaded Objects now: 6477.
Memory consumption went from 217.8 MB to 217.0 MB.
Total: 39.651300 ms (FindLiveObjects: 1.708900 ms CreateObjectMapping: 0.552300 ms MarkObjects: 28.872500 ms  DeleteObjects: 8.513400 ms)

Prepare: number of updated asset objects reloaded= 0
AssetImportParameters requested are different than current active one (requested -> active):
  custom:container-demuxer-ogg: 62fdf1f143b41e24485cea50d1cbac27 -> 
  custom:video-codec-MediaFoundation-h265: 746d11721c4dcdbdad8f713fa42b33f4 -> 
  custom:video-decoder-ogg-theora: a1e56fd34408186e4bbccfd4996cb3dc -> 
  custom:framework-win-MediaFoundation: 216162199b28c13a410421893ffa2e32 -> 
  custom:CustomObjectIndexerAttribute: 72b91833f83ae208fae7752999fa3104 -> 
  custom:container-demuxer-webm: 4f35f7cbe854078d1ac9338744f61a02 -> 
  custom:scripting/monoscript/fileName/Power.cs: d22eef278e1d3ce547bef81e959c0482 -> 
  custom:container-muxer-webm: aa71ff27fc2769a1b78a27578f13a17b -> 
  custom:video-decoder-webm-vp8: 9c59270c3fd7afecdb556c50c9e8de78 -> 
  custom:SearchIndexIgnoredProperties: e643bd26f0fe6173181afceb89e7c659 -> 
  custom:AudioImporter_EditorPlatform: d09bf68614088b80899f8185d706f6e7 -> 
  custom:scripting/monoscript/fileName/State.cs: 98f53bd96710ca97426c9a52e9a0c000 -> db891518220a6163c151c4468d6f2be8
  custom:video-encoder-webm-vp8: eb34c28f22e8b96e1ab97ce403110664 -> 
  custom:audio-decoder-ogg-vorbis: bf7c407c2cedff20999df2af8eb42d56 -> 
  custom:scripting/monoscript/fileName/ShowShiled.cs: e809a5382110abb526ce8d91e09ca162 -> 
  custom:audio-encoder-webm-vorbis: bf7c407c2cedff20999df2af8eb42d56 -> 
  custom:scripting/precompiled-assembly-types:Assembly-CSharp: 8cea5c0d91197b70ff4a9aaca1e7354a -> 67c36929a301ab3f795aef59ea829d4c
========================================================================
Received Import Request.
  Time since last request: 3409.940154 seconds.
  path: Assets/Art/敌人.prefab
  artifactKey: Guid(3d2367143e8ceb24fa85f64742d3058c) Importer(815301076,1909f56bfc062723c751e8b465ee728b)
Start importing Assets/Art/敌人.prefab using Guid(3d2367143e8ceb24fa85f64742d3058c) Importer(815301076,1909f56bfc062723c751e8b465ee728b) [PhysX] Initialized MultithreadedTaskDispatcher with 8 workers.
 -> (artifact id: '7f5e0a3625a57f76e25855068c9eab67') in 2.796486 seconds
Number of updated asset objects reloaded before import = 0
Number of asset objects unloaded after import = 43
========================================================================
Received Prepare
Caller must complete domain reload
Begin MonoManager ReloadAssembly
- Loaded All Assemblies, in 16.033 seconds
Native extension for WindowsStandalone target not found
Native extension for Android target not found
Native extension for WebGL target not found
Mono: successfully reloaded assembly
- Finished resetting the current domain, in  8.076 seconds
Domain Reload Profiling: 24113ms
	BeginReloadAssembly (7175ms)
		ExecutionOrderSort (5ms)
		DisableScriptedObjects (572ms)
		BackupInstance (0ms)
		ReleaseScriptingObjects (3ms)
		CreateAndSetChildDomain (3455ms)
	RebuildCommonClasses (497ms)
	RebuildNativeTypeToScriptingClass (71ms)
	initialDomainReloadingComplete (393ms)
	LoadAllAssembliesAndSetupDomain (7895ms)
		LoadAssemblies (8807ms)
		RebuildTransferFunctionScriptingTraits (0ms)
		AnalyzeDomain (1474ms)
			TypeCache.Refresh (482ms)
				TypeCache.ScanAssembly (35ms)
			ScanForSourceGeneratedMonoScriptInfo (945ms)
			ResolveRequiredComponents (45ms)
	FinalizeReload (8081ms)
		ReleaseScriptCaches (0ms)
		RebuildScriptCaches (0ms)
		SetupLoadedEditorAssemblies (1476ms)
			LogAssemblyErrors (0ms)
			InitializePlatformSupportModulesInManaged (51ms)
			SetLoadedEditorAssemblies (15ms)
			RefreshPlugins (0ms)
			BeforeProcessingInitializeOnLoad (252ms)
			ProcessInitializeOnLoadAttributes (902ms)
			ProcessInitializeOnLoadMethodAttributes (248ms)
			AfterProcessingInitializeOnLoad (7ms)
			EditorAssembliesLoaded (1ms)
		ExecutionOrderSort2 (0ms)
		AwakeInstancesAfterBackupRestoration (49ms)
Script is not up to date after domain reload: guid(5c404c3c9067a5c44ac51c87e48b59d0) path("Assets/Scripts/Monster/MonsterAttack/Attack_1.cs") state(2)
Refreshing native plugins compatible for Editor in 19.42 ms, found 4 plugins.
Preloading 0 native plugins for Editor in 0.00 ms.
Unloading 5714 Unused Serialized files (Serialized files now loaded: 0)
Unloading 36 unused Assets / (0.9 MB). Loaded Objects now: 6483.
Memory consumption went from 217.9 MB to 217.0 MB.
Total: 24.632800 ms (FindLiveObjects: 1.515800 ms CreateObjectMapping: 0.723400 ms MarkObjects: 17.998600 ms  DeleteObjects: 4.392200 ms)

Prepare: number of updated asset objects reloaded= 0
AssetImportParameters requested are different than current active one (requested -> active):
  custom:container-demuxer-ogg: 62fdf1f143b41e24485cea50d1cbac27 -> 
  custom:video-codec-MediaFoundation-h265: 746d11721c4dcdbdad8f713fa42b33f4 -> 
  custom:video-decoder-ogg-theora: a1e56fd34408186e4bbccfd4996cb3dc -> 
  custom:framework-win-MediaFoundation: 216162199b28c13a410421893ffa2e32 -> 
  custom:CustomObjectIndexerAttribute: 72b91833f83ae208fae7752999fa3104 -> 
  custom:container-demuxer-webm: 4f35f7cbe854078d1ac9338744f61a02 -> 
  custom:scripting/monoscript/fileName/Attack_2.cs: cecc7a588714dc1c38938027805953fe -> 
  custom:scripting/monoscript/fileName/Power.cs: d22eef278e1d3ce547bef81e959c0482 -> 
  custom:container-muxer-webm: aa71ff27fc2769a1b78a27578f13a17b -> 
  custom:video-decoder-webm-vp8: 9c59270c3fd7afecdb556c50c9e8de78 -> 
  custom:SearchIndexIgnoredProperties: e643bd26f0fe6173181afceb89e7c659 -> 
  custom:AudioImporter_EditorPlatform: d09bf68614088b80899f8185d706f6e7 -> 
  custom:scripting/monoscript/fileName/State.cs: 98f53bd96710ca97426c9a52e9a0c000 -> db891518220a6163c151c4468d6f2be8
  custom:video-encoder-webm-vp8: eb34c28f22e8b96e1ab97ce403110664 -> 
  custom:audio-decoder-ogg-vorbis: bf7c407c2cedff20999df2af8eb42d56 -> 
  custom:scripting/monoscript/fileName/ShowShiled.cs: e809a5382110abb526ce8d91e09ca162 -> 
  custom:audio-encoder-webm-vorbis: bf7c407c2cedff20999df2af8eb42d56 -> 
  custom:scripting/precompiled-assembly-types:Assembly-CSharp: 69de710b2c0eee8b1a618c3111b2e7ca -> 67c36929a301ab3f795aef59ea829d4c
========================================================================
Received Prepare
Caller must complete domain reload
Begin MonoManager ReloadAssembly
- Loaded All Assemblies, in  2.598 seconds
Native extension for WindowsStandalone target not found
Native extension for Android target not found
Native extension for WebGL target not found
Mono: successfully reloaded assembly
- Finished resetting the current domain, in  4.989 seconds
Domain Reload Profiling: 7592ms
	BeginReloadAssembly (545ms)
		ExecutionOrderSort (0ms)
		DisableScriptedObjects (25ms)
		BackupInstance (0ms)
		ReleaseScriptingObjects (0ms)
		CreateAndSetChildDomain (139ms)
	RebuildCommonClasses (78ms)
	RebuildNativeTypeToScriptingClass (17ms)
	initialDomainReloadingComplete (57ms)
	LoadAllAssembliesAndSetupDomain (1901ms)
		LoadAssemblies (2125ms)
		RebuildTransferFunctionScriptingTraits (0ms)
		AnalyzeDomain (70ms)
			TypeCache.Refresh (23ms)
				TypeCache.ScanAssembly (0ms)
			ScanForSourceGeneratedMonoScriptInfo (1ms)
			ResolveRequiredComponents (43ms)
	FinalizeReload (4993ms)
		ReleaseScriptCaches (0ms)
		RebuildScriptCaches (0ms)
		SetupLoadedEditorAssemblies (1187ms)
			LogAssemblyErrors (0ms)
			InitializePlatformSupportModulesInManaged (59ms)
			SetLoadedEditorAssemblies (12ms)
			RefreshPlugins (0ms)
			BeforeProcessingInitializeOnLoad (195ms)
			ProcessInitializeOnLoadAttributes (743ms)
			ProcessInitializeOnLoadMethodAttributes (172ms)
			AfterProcessingInitializeOnLoad (4ms)
			EditorAssembliesLoaded (1ms)
		ExecutionOrderSort2 (0ms)
		AwakeInstancesAfterBackupRestoration (46ms)
Refreshing native plugins compatible for Editor in 23.80 ms, found 4 plugins.
Preloading 0 native plugins for Editor in 0.00 ms.
Unloading 5715 Unused Serialized files (Serialized files now loaded: 0)
Unloading 35 unused Assets / (0.9 MB). Loaded Objects now: 6490.
Memory consumption went from 217.9 MB to 217.0 MB.
Total: 15.007000 ms (FindLiveObjects: 1.845100 ms CreateObjectMapping: 0.576900 ms MarkObjects: 10.708400 ms  DeleteObjects: 1.873100 ms)

Prepare: number of updated asset objects reloaded= 0
AssetImportParameters requested are different than current active one (requested -> active):
  custom:container-demuxer-ogg: 62fdf1f143b41e24485cea50d1cbac27 -> 
  custom:video-codec-MediaFoundation-h265: 746d11721c4dcdbdad8f713fa42b33f4 -> 
  custom:video-decoder-ogg-theora: a1e56fd34408186e4bbccfd4996cb3dc -> 
  custom:framework-win-MediaFoundation: 216162199b28c13a410421893ffa2e32 -> 
  custom:CustomObjectIndexerAttribute: 72b91833f83ae208fae7752999fa3104 -> 
  custom:container-demuxer-webm: 4f35f7cbe854078d1ac9338744f61a02 -> 
  custom:scripting/monoscript/fileName/Attack_2.cs: cecc7a588714dc1c38938027805953fe -> 
  custom:scripting/monoscript/fileName/Power.cs: d22eef278e1d3ce547bef81e959c0482 -> 
  custom:container-muxer-webm: aa71ff27fc2769a1b78a27578f13a17b -> 
  custom:video-decoder-webm-vp8: 9c59270c3fd7afecdb556c50c9e8de78 -> 
  custom:SearchIndexIgnoredProperties: e643bd26f0fe6173181afceb89e7c659 -> 
  custom:AudioImporter_EditorPlatform: d09bf68614088b80899f8185d706f6e7 -> 
  custom:scripting/monoscript/fileName/State.cs: 98f53bd96710ca97426c9a52e9a0c000 -> db891518220a6163c151c4468d6f2be8
  custom:video-encoder-webm-vp8: eb34c28f22e8b96e1ab97ce403110664 -> 
  custom:audio-decoder-ogg-vorbis: bf7c407c2cedff20999df2af8eb42d56 -> 
  custom:scripting/monoscript/fileName/ShowShiled.cs: e809a5382110abb526ce8d91e09ca162 -> 
  custom:audio-encoder-webm-vorbis: bf7c407c2cedff20999df2af8eb42d56 -> 
  custom:scripting/precompiled-assembly-types:Assembly-CSharp: 69de710b2c0eee8b1a618c3111b2e7ca -> 67c36929a301ab3f795aef59ea829d4c
========================================================================
Received Prepare
Caller must complete domain reload
Begin MonoManager ReloadAssembly
- Loaded All Assemblies, in  5.964 seconds
Native extension for WindowsStandalone target not found
Native extension for Android target not found
Native extension for WebGL target not found
Mono: successfully reloaded assembly
- Finished resetting the current domain, in  7.322 seconds
Domain Reload Profiling: 13301ms
	BeginReloadAssembly (2333ms)
		ExecutionOrderSort (3ms)
		DisableScriptedObjects (267ms)
		BackupInstance (0ms)
		ReleaseScriptingObjects (8ms)
		CreateAndSetChildDomain (1089ms)
	RebuildCommonClasses (125ms)
	RebuildNativeTypeToScriptingClass (57ms)
	initialDomainReloadingComplete (142ms)
	LoadAllAssembliesAndSetupDomain (3319ms)
		LoadAssemblies (3490ms)
		RebuildTransferFunctionScriptingTraits (0ms)
		AnalyzeDomain (340ms)
			TypeCache.Refresh (148ms)
				TypeCache.ScanAssembly (9ms)
			ScanForSourceGeneratedMonoScriptInfo (135ms)
			ResolveRequiredComponents (54ms)
	FinalizeReload (7325ms)
		ReleaseScriptCaches (0ms)
		RebuildScriptCaches (0ms)
		SetupLoadedEditorAssemblies (1992ms)
			LogAssemblyErrors (0ms)
			InitializePlatformSupportModulesInManaged (107ms)
			SetLoadedEditorAssemblies (18ms)
			RefreshPlugins (0ms)
			BeforeProcessingInitializeOnLoad (390ms)
			ProcessInitializeOnLoadAttributes (1233ms)
			ProcessInitializeOnLoadMethodAttributes (239ms)
			AfterProcessingInitializeOnLoad (4ms)
			EditorAssembliesLoaded (1ms)
		ExecutionOrderSort2 (0ms)
		AwakeInstancesAfterBackupRestoration (50ms)
Refreshing native plugins compatible for Editor in 24.87 ms, found 4 plugins.
Preloading 0 native plugins for Editor in 0.00 ms.
Unloading 5715 Unused Serialized files (Serialized files now loaded: 0)
Unloading 35 unused Assets / (0.9 MB). Loaded Objects now: 6496.
Memory consumption went from 217.9 MB to 217.0 MB.
Total: 25.252000 ms (FindLiveObjects: 1.345700 ms CreateObjectMapping: 0.506800 ms MarkObjects: 21.802000 ms  DeleteObjects: 1.594500 ms)

Prepare: number of updated asset objects reloaded= 0
AssetImportParameters requested are different than current active one (requested -> active):
  custom:container-demuxer-ogg: 62fdf1f143b41e24485cea50d1cbac27 -> 
  custom:video-codec-MediaFoundation-h265: 746d11721c4dcdbdad8f713fa42b33f4 -> 
  custom:video-decoder-ogg-theora: a1e56fd34408186e4bbccfd4996cb3dc -> 
  custom:framework-win-MediaFoundation: 216162199b28c13a410421893ffa2e32 -> 
  custom:CustomObjectIndexerAttribute: 72b91833f83ae208fae7752999fa3104 -> 
  custom:container-demuxer-webm: 4f35f7cbe854078d1ac9338744f61a02 -> 
  custom:scripting/monoscript/fileName/Attack_2.cs: cecc7a588714dc1c38938027805953fe -> 
  custom:scripting/monoscript/fileName/Power.cs: d22eef278e1d3ce547bef81e959c0482 -> 
  custom:container-muxer-webm: aa71ff27fc2769a1b78a27578f13a17b -> 
  custom:video-decoder-webm-vp8: 9c59270c3fd7afecdb556c50c9e8de78 -> 
  custom:SearchIndexIgnoredProperties: e643bd26f0fe6173181afceb89e7c659 -> 
  custom:AudioImporter_EditorPlatform: d09bf68614088b80899f8185d706f6e7 -> 
  custom:scripting/monoscript/fileName/State.cs: 98f53bd96710ca97426c9a52e9a0c000 -> db891518220a6163c151c4468d6f2be8
  custom:video-encoder-webm-vp8: eb34c28f22e8b96e1ab97ce403110664 -> 
  custom:audio-decoder-ogg-vorbis: bf7c407c2cedff20999df2af8eb42d56 -> 
  custom:scripting/monoscript/fileName/ShowShiled.cs: e809a5382110abb526ce8d91e09ca162 -> 
  custom:audio-encoder-webm-vorbis: bf7c407c2cedff20999df2af8eb42d56 -> 
  custom:scripting/precompiled-assembly-types:Assembly-CSharp: 69de710b2c0eee8b1a618c3111b2e7ca -> 67c36929a301ab3f795aef59ea829d4c
========================================================================
Received Prepare
Caller must complete domain reload
Begin MonoManager ReloadAssembly
- Loaded All Assemblies, in  7.509 seconds
Native extension for WindowsStandalone target not found
Native extension for Android target not found
Native extension for WebGL target not found
Mono: successfully reloaded assembly
- Finished resetting the current domain, in 11.114 seconds
Domain Reload Profiling: 18736ms
	BeginReloadAssembly (3168ms)
		ExecutionOrderSort (1ms)
		DisableScriptedObjects (308ms)
		BackupInstance (0ms)
		ReleaseScriptingObjects (6ms)
		CreateAndSetChildDomain (906ms)
	RebuildCommonClasses (159ms)
	RebuildNativeTypeToScriptingClass (41ms)
	initialDomainReloadingComplete (164ms)
	LoadAllAssembliesAndSetupDomain (4085ms)
		LoadAssemblies (5281ms)
		RebuildTransferFunctionScriptingTraits (0ms)
		AnalyzeDomain (259ms)
			TypeCache.Refresh (80ms)
				TypeCache.ScanAssembly (0ms)
			ScanForSourceGeneratedMonoScriptInfo (1ms)
			ResolveRequiredComponents (173ms)
	FinalizeReload (11120ms)
		ReleaseScriptCaches (0ms)
		RebuildScriptCaches (0ms)
		SetupLoadedEditorAssemblies (4275ms)
			LogAssemblyErrors (0ms)
			InitializePlatformSupportModulesInManaged (151ms)
			SetLoadedEditorAssemblies (28ms)
			RefreshPlugins (0ms)
			BeforeProcessingInitializeOnLoad (394ms)
			ProcessInitializeOnLoadAttributes (3268ms)
			ProcessInitializeOnLoadMethodAttributes (424ms)
			AfterProcessingInitializeOnLoad (8ms)
			EditorAssembliesLoaded (2ms)
		ExecutionOrderSort2 (0ms)
		AwakeInstancesAfterBackupRestoration (66ms)
Refreshing native plugins compatible for Editor in 46.90 ms, found 4 plugins.
Preloading 0 native plugins for Editor in 0.00 ms.
Unloading 5715 Unused Serialized files (Serialized files now loaded: 0)
Unloading 35 unused Assets / (0.9 MB). Loaded Objects now: 6502.
Memory consumption went from 217.8 MB to 217.0 MB.
Total: 58.995700 ms (FindLiveObjects: 3.352000 ms CreateObjectMapping: 2.415900 ms MarkObjects: 49.202600 ms  DeleteObjects: 4.017800 ms)

Prepare: number of updated asset objects reloaded= 0
AssetImportParameters requested are different than current active one (requested -> active):
  custom:container-demuxer-ogg: 62fdf1f143b41e24485cea50d1cbac27 -> 
  custom:video-codec-MediaFoundation-h265: 746d11721c4dcdbdad8f713fa42b33f4 -> 
  custom:video-decoder-ogg-theora: a1e56fd34408186e4bbccfd4996cb3dc -> 
  custom:framework-win-MediaFoundation: 216162199b28c13a410421893ffa2e32 -> 
  custom:CustomObjectIndexerAttribute: 72b91833f83ae208fae7752999fa3104 -> 
  custom:container-demuxer-webm: 4f35f7cbe854078d1ac9338744f61a02 -> 
  custom:scripting/monoscript/fileName/Attack_2.cs: cecc7a588714dc1c38938027805953fe -> 
  custom:scripting/monoscript/fileName/Power.cs: d22eef278e1d3ce547bef81e959c0482 -> 
  custom:container-muxer-webm: aa71ff27fc2769a1b78a27578f13a17b -> 
  custom:video-decoder-webm-vp8: 9c59270c3fd7afecdb556c50c9e8de78 -> 
  custom:SearchIndexIgnoredProperties: e643bd26f0fe6173181afceb89e7c659 -> 
  custom:AudioImporter_EditorPlatform: d09bf68614088b80899f8185d706f6e7 -> 
  custom:scripting/monoscript/fileName/State.cs: 98f53bd96710ca97426c9a52e9a0c000 -> db891518220a6163c151c4468d6f2be8
  custom:video-encoder-webm-vp8: eb34c28f22e8b96e1ab97ce403110664 -> 
  custom:audio-decoder-ogg-vorbis: bf7c407c2cedff20999df2af8eb42d56 -> 
  custom:scripting/monoscript/fileName/ShowShiled.cs: e809a5382110abb526ce8d91e09ca162 -> 
  custom:audio-encoder-webm-vorbis: bf7c407c2cedff20999df2af8eb42d56 -> 
  custom:scripting/precompiled-assembly-types:Assembly-CSharp: 69de710b2c0eee8b1a618c3111b2e7ca -> 67c36929a301ab3f795aef59ea829d4c
